Localización,Precio m2,Variación mensual,Variación trimestral,Variación anual,Máximo histórico,Variación máximo,Año
Andalucía,2.468 €/m2,"0,018","0,053","0,143",2.468 €/m2 mayo 2025,"0,0 %",mayo 2025
Almería provincia,1.336 €/m2,"0,015","0,046","0,072",1.868 €/m2 jul 2006,"- 28,5 %",mayo 2025
Almería,1.537 €/m2,"0,017","0,056","0,088",2.257 €/m2 sep 2008,"- 31,9 %",mayo 2025
Cádiz provincia,2.066 €/m2,"0,019","0,047","0,125",2.272 €/m2 abr 2007,"- 9,1 %",mayo 2025
Cádiz,3.029 €/m2,"0,0 %","0,023","0,073",3.035 €/m2 dic 2024,"- 0,2 %",mayo 2025
Córdoba provincia,1.232 €/m2,"0,008","0,022","- 0,5 %",1.801 €/m2 nov 2007,"- 31,6 %",mayo 2025
Córdoba,1.586 €/m2,"0,007","0,03","0,068",2.178 €/m2 dic 2007,"- 27,2 %",mayo 2025
Granada provincia,1.573 €/m2,"0,01","0,04","0,096",1.782 €/m2 mayo 2007,"- 11,7 %",mayo 2025
Granada,2.422 €/m2,"0,019","0,043","0,143",2.422 €/m2 mayo 2025,"0,0 %",mayo 2025
Huelva provincia,1.556 €/m2,"0,008","0,045","0,094",1.919 €/m2 sep 2007,"- 18,9 %",mayo 2025
Huelva,1.475 €/m2,"0,0 %","0,034","0,117",1.678 €/m2 mayo 2008,"- 12,1 %",mayo 2025
Jaén provincia,833 €/m2,"0,01","0,004","- 0,5 %",1.320 €/m2 sep 2007,"- 36,9 %",mayo 2025
Jaén,1.240 €/m2,"0,021","0,019","0,064",1.672 €/m2 oct 2008,"- 25,9 %",mayo 2025
Málaga provincia,3.718 €/m2,"0,013","0,043","0,153",3.718 €/m2 mayo 2025,"0,0 %",mayo 2025
Málaga,3.427 €/m2,"0,014","0,038","0,174",3.427 €/m2 mayo 2025,"0,0 %",mayo 2025
Sevilla provincia,1.695 €/m2,"0,014","0,054","0,069",1.970 €/m2 mar 2008,"- 14,0 %",mayo 2025
Sevilla,2.644 €/m2,"0,013","0,06","0,141",2.646 €/m2 sep 2007,"- 0,1 %",mayo 2025
Aragón,1.469 €/m2,"- 0,2 %","0,029","0,028",2.008 €/m2 mar 2007,"- 26,8 %",mayo 2025
Huesca provincia,1.593 €/m2,"0,0 %","0,009","0,042",2.246 €/m2 ago 2007,"- 29,1 %",mayo 2025
Huesca,1.736 €/m2,"0,058","0,05","0,023",1.738 €/m2 mar 2011,"- 0,1 %",mayo 2025
Teruel provincia,914 €/m2,"- 1,3 %","- 1,3 %","- 1,9 %",1.118 €/m2 jun 2008,"- 18,3 %",mayo 2025
Teruel,1.487 €/m2,"- 3,4 %","0,018","0,059",1.660 €/m2 nov 2010,"- 10,4 %",mayo 2025
Zaragoza provincia,1.504 €/m2,"- 0,1 %","0,041","0,033",2.135 €/m2 mayo 2007,"- 29,6 %",mayo 2025
Zaragoza,2.045 €/m2,"0,016","0,057","0,128",2.787 €/m2 dic 2007,"- 26,6 %",mayo 2025
Asturias,1.538 €/m2,"0,017","0,054","0,109",1.867 €/m2 abr 2008,"- 17,6 %",mayo 2025
Asturias,1.538 €/m2,"0,017","0,054","0,109",1.867 €/m2 abr 2008,"- 17,6 %",mayo 2025
Oviedo,2.021 €/m2,"0,027","0,068","0,186",2.179 €/m2 ene 2009,"- 7,3 %",mayo 2025
Baleares,4.905 €/m2,"0,014","0,024","0,135",4.905 €/m2 mayo 2025,"0,0 %",mayo 2025
Baleares,4.905 €/m2,"0,014","0,024","0,135",4.905 €/m2 mayo 2025,"0,0 %",mayo 2025
Palma de Mallorca,4.772 €/m2,"0,017","0,029","0,173",4.772 €/m2 mayo 2025,"0,0 %",mayo 2025
Canarias,3.039 €/m2,"0,019","0,04","0,182",3.039 €/m2 mayo 2025,"0,0 %",mayo 2025
Las Palmas,2.778 €/m2,"0,022","0,037","0,151",2.778 €/m2 mayo 2025,"0,0 %",mayo 2025
Las Palmas de Gran Canaria,2.507 €/m2,"0,028","0,046","0,108",2.507 €/m2 mayo 2025,"0,0 %",mayo 2025
Santa Cruz de Tenerife provincia,3.224 €/m2,"0,016","0,039","0,194",3.224 €/m2 mayo 2025,"0,0 %",mayo 2025
Cantabria,1.841 €/m2,"0,019","0,054","0,132",2.010 €/m2 feb 2008,"- 8,4 %",mayo 2025
Cantabria,1.841 €/m2,"0,019","0,054","0,132",2.010 €/m2 feb 2008,"- 8,4 %",mayo 2025
Santander,2.727 €/m2,"0,026","0,048","0,2",2.727 €/m2 mayo 2025,"0,0 %",mayo 2025
Castilla y León,1.216 €/m2,"0,002","0,017","0,023",1.481 €/m2 jun 2011,"- 17,9 %",mayo 2025
Ávila provincia,960 €/m2,"0,016","0,028","0,072",1.266 €/m2 mar 2008,"- 24,2 %",mayo 2025
Ávila,1.428 €/m2,"- 0,3 %","0,042","0,123",1.744 €/m2 jul 2008,"- 18,1 %",mayo 2025
Burgos provincia,1.200 €/m2,"- 0,7 %","0,0 %","- 1,1 %",1.655 €/m2 sep 2011,"- 27,5 %",mayo 2025
Burgos,1.909 €/m2,"- 0,3 %","0,031","0,086",2.176 €/m2 nov 2008,"- 12,3 %",mayo 2025
León provincia,1.036 €/m2,"0,011","0,043","0,047",1.351 €/m2 jun 2011,"- 23,3 %",mayo 2025
León,1.600 €/m2,"0,021","0,062","0,125",1.898 €/m2 feb 2011,"- 15,7 %",mayo 2025
Palencia provincia,1.132 €/m2,"0,0 %","0,002","0,016",1.335 €/m2 feb 2012,"- 15,2 %",mayo 2025
Palencia,1.402 €/m2,"0,008","0,027","0,067",1.724 €/m2 ene 2009,"- 18,7 %",mayo 2025
Salamanca provincia,1.417 €/m2,"- 0,7 %","0,003","0,053",1.719 €/m2 mar 2011,"- 17,5 %",mayo 2025
Salamanca,2.091 €/m2,"0,012","0,035","0,151",2.480 €/m2 mar 2008,"- 15,7 %",mayo 2025
Segovia provincia,1.401 €/m2,"- 0,1 %","0,028","0,077",1.601 €/m2 sep 2007,"- 12,5 %",mayo 2025
Segovia,2.026 €/m2,"0,003","0,032","0,142",2.252 €/m2 mar 2009,"- 10,0 %",mayo 2025
Soria provincia,1.132 €/m2,"0,006","0,021","- 2,6 %",1.372 €/m2 nov 2010,"- 17,4 %",mayo 2025
Soria,1.804 €/m2,"0,034","0,04","0,051",1.913 €/m2 nov 2010,"- 5,7 %",mayo 2025
Valladolid provincia,1.442 €/m2,"0,009","0,033","0,015",1.776 €/m2 oct 2007,"- 18,8 %",mayo 2025
Valladolid,1.846 €/m2,"0,007","0,05","0,078",2.117 €/m2 oct 2007,"- 12,8 %",mayo 2025
Zamora provincia,988 €/m2,"0,017","0,019","0,029",1.368 €/m2 mar 2011,"- 27,7 %",mayo 2025
Zamora,1.245 €/m2,"0,036","0,058","0,082",1.607 €/m2 mar 2011,"- 22,5 %",mayo 2025
Castilla-La Mancha,961 €/m2,"0,001","0,019","0,027",1.424 €/m2 mayo 2007,"- 32,5 %",mayo 2025
Albacete provincia,1.173 €/m2,"- 1,0 %","0,005","0,021",1.570 €/m2 abr 2008,"- 25,3 %",mayo 2025
Albacete,1.745 €/m2,"0,003","0,036","0,128",1.852 €/m2 jun 2008,"- 5,8 %",mayo 2025
Ciudad Real provincia,741 €/m2,"- 0,8 %","0,004","- 1,5 %",1.391 €/m2 jun 2007,"- 46,7 %",mayo 2025
Ciudad Real,1.369 €/m2,"0,01","0,035","0,096",1.877 €/m2 abr 2008,"- 27,1 %",mayo 2025
Cuenca provincia,831 €/m2,"- 0,7 %","- 1,2 %","- 2,7 %",1.109 €/m2 ago 2008,"- 25,1 %",mayo 2025
Cuenca,1.441 €/m2,"- 0,4 %","0,012","0,054",1.674 €/m2 mar 2010,"- 13,9 %",mayo 2025
Guadalajara provincia,1.341 €/m2,"0,016","0,035","0,057",1.661 €/m2 jun 2007,"- 19,2 %",mayo 2025
Guadalajara,1.899 €/m2,"0,045","0,074","0,152",2.137 €/m2 mayo 2008,"- 11,2 %",mayo 2025
Toledo provincia,956 €/m2,"0,011","0,039","0,083",1.465 €/m2 nov 2006,"- 34,8 %",mayo 2025
Toledo,1.803 €/m2,"0,026","0,085","0,142",2.067 €/m2 mayo 2008,"- 12,8 %",mayo 2025
Cataluña,2.560 €/m2,"0,01","0,044","0,065",2.677 €/m2 jun 2007,"- 4,4 %",mayo 2025
Barcelona provincia,2.914 €/m2,"0,009","0,049","0,074",2.914 €/m2 mayo 2025,"0,0 %",mayo 2025
Barcelona,4.895 €/m2,"0,004","0,03","0,108",4.895 €/m2 mayo 2025,"0,0 %",mayo 2025
Girona provincia,2.485 €/m2,"0,01","0,031","0,062",2.522 €/m2 jun 2007,"- 1,4 %",mayo 2025
Girona,2.498 €/m2,"- 0,6 %","- 0,7 %","- 1,0 %",2.639 €/m2 ago 2024,"- 5,4 %",mayo 2025
Lleida provincia,1.410 €/m2,"0,013","- 0,4 %","0,06",2.076 €/m2 ago 2007,"- 32,1 %",mayo 2025
Lleida,1.327 €/m2,"0,015","0,009","0,077",1.742 €/m2 abr 2009,"- 23,8 %",mayo 2025
Tarragona provincia,1.659 €/m2,"0,019","0,044","0,059",2.120 €/m2 oct 2006,"- 21,8 %",mayo 2025
Tarragona,2.092 €/m2,"- 1,1 %","0,011","0,032",2.550 €/m2 oct 2008,"- 18,0 %",mayo 2025
Ceuta,2.325 €/m2,"- 1,5 %","0,014","0,011",2.393 €/m2 mar 2025,"- 2,8 %",mayo 2025
Ceuta provincia,2.325 €/m2,"- 1,5 %","0,014","0,011",2.393 €/m2 mar 2025,"- 2,8 %",mayo 2025
Ceuta,2.325 €/m2,"- 1,5 %","0,014","0,011",2.393 €/m2 mar 2025,"- 2,8 %",mayo 2025
Comunitat Valenciana,2.207 €/m2,"0,023","0,061","0,175",2.207 €/m2 mayo 2025,"0,0 %",mayo 2025
Alicante/Alacant,2.521 €/m2,"0,023","0,055","0,158",2.521 €/m2 mayo 2025,"0,0 %",mayo 2025
Alicante / Alacant,2.371 €/m2,"0,016","0,042","0,132",2.371 €/m2 mayo 2025,"0,0 %",mayo 2025
Castellón/Castelló,1.376 €/m2,"0,016","0,038","0,103",1.953 €/m2 jul 2007,"- 29,5 %",mayo 2025
Castellón de la Plana / Castello de la Plana,1.416 €/m2,"- 0,4 %","0,025","0,09",1.831 €/m2 ene 2008,"- 22,7 %",mayo 2025
Valencia/Valéncia,1.689 €/m2,"0,015","0,057","0,158",1.943 €/m2 oct 2006,"- 13,1 %",mayo 2025
València,3.017 €/m2,"0,009","0,043","0,195",3.017 €/m2 mayo 2025,"0,0 %",mayo 2025
Euskadi,3.179 €/m2,"0,018","0,028","0,086",3.255 €/m2 abr 2011,"- 2,3 %",mayo 2025
Álava,2.362 €/m2,"0,004","0,017","0,032",2.490 €/m2 ene 2011,"- 5,1 %",mayo 2025
Vitoria-Gasteiz,2.696 €/m2,"0,011","0,023","0,054",2.975 €/m2 oct 2008,"- 9,4 %",mayo 2025
Guipúzcoa,3.862 €/m2,"0,021","0,025","0,071",3.862 €/m2 mayo 2025,"0,0 %",mayo 2025
Donostia-San Sebastián,6.025 €/m2,"0,012","0,025","0,084",6.025 €/m2 mayo 2025,"0,0 %",mayo 2025
Vizcaya,3.043 €/m2,"0,017","0,028","0,086",3.360 €/m2 abr 2011,"- 9,4 %",mayo 2025
Bilbao,3.553 €/m2,"0,008","0,008","0,079",3.591 €/m2 mayo 2011,"- 1,1 %",mayo 2025
Extremadura,982 €/m2,"0,01","0,024","- 1,3 %",1.217 €/m2 abr 2011,"- 19,3 %",mayo 2025
Badajoz provincia,966 €/m2,"0,016","0,028","- 3,4 %",1.278 €/m2 abr 2011,"- 24,4 %",mayo 2025
Badajoz,1.485 €/m2,"0,004","0,016","0,036",1.719 €/m2 abr 2008,"- 13,6 %",mayo 2025
Cáceres provincia,1.001 €/m2,"0,002","0,017","0,011",1.174 €/m2 mar 2008,"- 14,7 %",mayo 2025
Cáceres,1.434 €/m2,"0,012","0,032","0,114",1.600 €/m2 jul 2008,"- 10,4 %",mayo 2025
Galicia,1.434 €/m2,"0,008","0,018","0,027",1.775 €/m2 nov 2011,"- 19,2 %",mayo 2025
A Coruña provincia,1.448 €/m2,"0,016","0,035","0,054",1.832 €/m2 nov 2011,"- 21,0 %",mayo 2025
A Coruña,2.733 €/m2,"0,009","0,031","0,109",2.895 €/m2 ago 2008,"- 5,6 %",mayo 2025
Lugo provincia,1.083 €/m2,"0,016","0,029","0,047",1.616 €/m2 mayo 2011,"- 33,0 %",mayo 2025
Lugo,1.423 €/m2,"0,025","0,042","0,09",1.918 €/m2 jun 2011,"- 25,8 %",mayo 2025
Ourense provincia,1.048 €/m2,"- 1,5 %","- 3,0 %","- 7,8 %",1.531 €/m2 nov 2011,"- 31,5 %",mayo 2025
Ourense,1.487 €/m2,"- 0,7 %","- 0,3 %","- 0,2 %",1.914 €/m2 nov 2011,"- 22,3 %",mayo 2025
Pontevedra provincia,1.717 €/m2,"0,008","0,019","0,045",1.935 €/m2 jun 2007,"- 11,3 %",mayo 2025
Pontevedra,2.154 €/m2,"0,015","0,074","0,119",2.154 €/m2 mayo 2025,"0,0 %",mayo 2025
La Rioja,1.362 €/m2,"0,01","0,016","0,021",1.652 €/m2 ene 2008,"- 17,5 %",mayo 2025
La Rioja,1.362 €/m2,"0,01","0,016","0,021",1.652 €/m2 ene 2008,"- 17,5 %",mayo 2025
Logroño,1.844 €/m2,"0,015","0,018","0,059",1.993 €/m2 abr 2011,"- 7,5 %",mayo 2025
Madrid Comunidad,4.234 €/m2,"0,021","0,072","0,243",4.234 €/m2 mayo 2025,"0,0 %",mayo 2025
Madrid provincia,4.234 €/m2,"0,021","0,072","0,243",4.234 €/m2 mayo 2025,"0,0 %",mayo 2025
Madrid,5.573 €/m2,"0,019","0,064","0,246",5.573 €/m2 mayo 2025,"0,0 %",mayo 2025
Melilla,2.073 €/m2,"0,014","0,038","0,068",2.073 €/m2 mayo 2025,"0,0 %",mayo 2025
Melilla provincia,2.073 €/m2,"0,014","0,038","0,068",2.073 €/m2 mayo 2025,"0,0 %",mayo 2025
Melilla,2.073 €/m2,"0,014","0,038","0,068",2.073 €/m2 mayo 2025,"0,0 %",mayo 2025
Murcia Región,1.458 €/m2,"0,026","0,069","0,181",1.786 €/m2 sep 2006,"- 18,4 %",mayo 2025
Murcia provincia,1.458 €/m2,"0,026","0,069","0,181",1.786 €/m2 sep 2006,"- 18,4 %",mayo 2025
Murcia,1.351 €/m2,"0,012","0,055","0,038",1.757 €/m2 sep 2007,"- 23,1 %",mayo 2025
Navarra,1.753 €/m2,"0,004","0,035","0,021",1.870 €/m2 oct 2007,"- 6,3 %",mayo 2025
Navarra,1.753 €/m2,"0,004","0,035","0,021",1.870 €/m2 oct 2007,"- 6,3 %",mayo 2025
Pamplona/Iruña,2.806 €/m2,"0,01","0,01","0,06",2.827 €/m2 dic 2024,"- 0,7 %",mayo 2025
Andalucía,2.318 €/m2,"0,015","0,037","0,115",2.468 €/m2 mayo 2025,"- 6,1 %",2024
Almería provincia,1.306 €/m2,"0,007","0,021","0,092",1.868 €/m2 jul 2006,"- 30,1 %",2024
Almería,1.534 €/m2,"0,007","0,027","0,111",2.257 €/m2 sep 2008,"- 32,1 %",2024
Cádiz provincia,1.975 €/m2,"0,014","0,031","0,096",2.272 €/m2 abr 2007,"- 13,1 %",2024
Cádiz,3.035 €/m2,"0,025","0,034","0,089",3.035 €/m2 dic 2024,"0,0 %",2024
Córdoba provincia,1.221 €/m2,"0,001","0,015","- 1,8 %",1.801 €/m2 nov 2007,"- 32,2 %",2024
Córdoba,1.545 €/m2,"0,008","0,022","0,055",2.178 €/m2 dic 2007,"- 29,1 %",2024
Granada provincia,1.503 €/m2,"0,012","0,031","0,076",1.782 €/m2 mayo 2007,"- 15,7 %",2024
Granada,2.294 €/m2,"0,0 %","0,016","0,136",2.422 €/m2 mayo 2025,"- 5,3 %",2024
Huelva provincia,1.509 €/m2,"0,009","0,031","0,082",1.919 €/m2 sep 2007,"- 21,4 %",2024
Huelva,1.413 €/m2,"0,007","0,04","0,098",1.678 €/m2 mayo 2008,"- 15,8 %",2024
Jaén provincia,844 €/m2,"- 0,3 %","0,006","0,016",1.320 €/m2 sep 2007,"- 36,1 %",2024
Jaén,1.226 €/m2,"- 0,2 %","0,02","0,067",1.672 €/m2 oct 2008,"- 26,7 %",2024
Málaga provincia,3.507 €/m2,"0,011","0,032","0,139",3.718 €/m2 mayo 2025,"- 5,7 %",2024
Málaga,3.241 €/m2,"0,008","0,047","0,215",3.427 €/m2 mayo 2025,"- 5,4 %",2024
Sevilla provincia,1.625 €/m2,"0,006","0,027","0,044",1.970 €/m2 mar 2008,"- 17,6 %",2024
Sevilla,2.408 €/m2,"0,016","0,023","0,089",2.646 €/m2 sep 2007,"- 9,0 %",2024
Aragón,1.497 €/m2,"0,01","0,031","0,057",2.008 €/m2 mar 2007,"- 25,4 %",2024
Huesca provincia,1.583 €/m2,"- 0,5 %","- 0,3 %","0,062",2.246 €/m2 ago 2007,"- 29,5 %",2024
Huesca,1.703 €/m2,"- 0,9 %","0,015","- 0,4 %",1.738 €/m2 mar 2011,"- 2,0 %",2024
Teruel provincia,958 €/m2,"0,01","0,018","0,05",1.118 €/m2 jun 2008,"- 14,4 %",2024
Teruel,1.469 €/m2,"0,006","0,049","0,117",1.660 €/m2 nov 2010,"- 11,5 %",2024
Zaragoza provincia,1.538 €/m2,"0,014","0,042","0,059",2.135 €/m2 mayo 2007,"- 28,0 %",2024
Zaragoza,1.974 €/m2,"0,02","0,045","0,097",2.787 €/m2 dic 2007,"- 29,1 %",2024
Asturias,1.471 €/m2,"0,011","0,022","0,073",1.867 €/m2 abr 2008,"- 21,2 %",2024
Asturias,1.471 €/m2,"0,011","0,022","0,073",1.867 €/m2 abr 2008,"- 21,2 %",2024
Oviedo,1.861 €/m2,"0,011","0,046","0,114",2.179 €/m2 ene 2009,"- 14,6 %",2024
Baleares,4.707 €/m2,"0,005","0,032","0,153",4.905 €/m2 mayo 2025,"- 4,0 %",2024
Baleares,4.707 €/m2,"0,005","0,032","0,153",4.905 €/m2 mayo 2025,"- 4,0 %",2024
Palma de Mallorca,4.442 €/m2,"0,007","0,031","0,146",4.772 €/m2 mayo 2025,"- 6,9 %",2024
Canarias,2.846 €/m2,"0,02","0,047","0,17",3.039 €/m2 mayo 2025,"- 6,3 %",2024
Las Palmas,2.649 €/m2,"0,017","0,042","0,162",2.778 €/m2 mayo 2025,"- 4,7 %",2024
Las Palmas de Gran Canaria,2.482 €/m2,"0,016","0,046","0,127",2.507 €/m2 mayo 2025,"- 1,0 %",2024
Santa Cruz de Tenerife provincia,3.000 €/m2,"0,023","0,047","0,174",3.224 €/m2 mayo 2025,"- 6,9 %",2024
Santa Cruz de Tenerife,2.144 €/m2,"0,001","0,031","0,05",2.214 €/m2 abr 2025,"- 3,2 %",2024
Cantabria,1.746 €/m2,"0,005","0,03","0,111",2.010 €/m2 feb 2008,"- 13,1 %",2024
Cantabria,1.746 €/m2,"0,005","0,03","0,111",2.010 €/m2 feb 2008,"- 13,1 %",2024
Santander,2.497 €/m2,"- 1,2 %","0,009","0,169",2.727 €/m2 mayo 2025,"- 8,4 %",2024
Castilla y León,1.216 €/m2,"0,004","0,018","0,035",1.481 €/m2 jun 2011,"- 17,8 %",2024
Ávila provincia,917 €/m2,"0,001","- 0,1 %","0,033",1.266 €/m2 mar 2008,"- 27,6 %",2024
Ávila,1.363 €/m2,"- 0,1 %","0,027","0,085",1.744 €/m2 jul 2008,"- 21,8 %",2024
Burgos provincia,1.244 €/m2,"0,003","0,021","0,026",1.655 €/m2 sep 2011,"- 24,8 %",2024
Burgos,1.864 €/m2,"0,009","0,032","0,091",2.176 €/m2 nov 2008,"- 14,3 %",2024
León provincia,1.007 €/m2,"0,002","0,022","0,015",1.351 €/m2 jun 2011,"- 25,4 %",2024
León,1.496 €/m2,"0,011","0,031","0,091",1.898 €/m2 feb 2011,"- 21,2 %",2024
Palencia provincia,1.117 €/m2,"0,009","0,008","0,005",1.335 €/m2 feb 2012,"- 16,3 %",2024
Palencia,1.333 €/m2,"0,012","0,02","0,019",1.724 €/m2 ene 2009,"- 22,7 %",2024
Salamanca provincia,1.405 €/m2,"0,004","0,021","0,053",1.719 €/m2 mar 2011,"- 18,3 %",2024
Salamanca,1.960 €/m2,"0,009","0,028","0,114",2.480 €/m2 mar 2008,"- 21,0 %",2024
Segovia provincia,1.345 €/m2,"0,009","0,009","0,074",1.601 €/m2 sep 2007,"- 16,0 %",2024
Segovia,1.888 €/m2,"0,031","0,016","0,079",2.252 €/m2 mar 2009,"- 16,2 %",2024
Soria provincia,1.159 €/m2,"0,0 %","- 0,8 %","0,014",1.372 €/m2 nov 2010,"- 15,5 %",2024
Soria,1.770 €/m2,"0,025","0,001","0,093",1.913 €/m2 nov 2010,"- 7,5 %",2024
Valladolid provincia,1.467 €/m2,"0,01","0,036","0,068",1.776 €/m2 oct 2007,"- 17,4 %",2024
Valladolid,1.800 €/m2,"0,013","0,052","0,104",2.117 €/m2 oct 2007,"- 14,9 %",2024
Zamora provincia,970 €/m2,"0,008","0,003","0,04",1.368 €/m2 mar 2011,"- 29,1 %",2024
Zamora,1.168 €/m2,"0,003","- 0,6 %","0,045",1.607 €/m2 mar 2011,"- 27,3 %",2024
Castilla-La Mancha,957 €/m2,"0,012","0,022","0,044",1.424 €/m2 mayo 2007,"- 32,8 %",2024
Albacete provincia,1.165 €/m2,"0,005","0,017","0,037",1.570 €/m2 abr 2008,"- 25,8 %",2024
Albacete,1.650 €/m2,"0,0 %","0,027","0,102",1.852 €/m2 jun 2008,"- 10,9 %",2024
Ciudad Real provincia,751 €/m2,"0,01","0,008","0,007",1.391 €/m2 jun 2007,"- 46,0 %",2024
Ciudad Real,1.317 €/m2,"0,027","0,031","0,081",1.877 €/m2 abr 2008,"- 29,8 %",2024
Cuenca provincia,846 €/m2,"- 0,5 %","0,002","- 0,6 %",1.109 €/m2 ago 2008,"- 23,7 %",2024
Cuenca,1.391 €/m2,"- 0,1 %","0,001","0,036",1.674 €/m2 mar 2010,"- 16,9 %",2024
Guadalajara provincia,1.324 €/m2,"0,018","0,041","0,076",1.661 €/m2 jun 2007,"- 20,3 %",2024
Guadalajara,1.733 €/m2,"0,025","0,055","0,09",2.137 €/m2 mayo 2008,"- 18,9 %",2024
Toledo provincia,932 €/m2,"0,008","0,027","0,088",1.465 €/m2 nov 2006,"- 36,4 %",2024
Toledo,1.682 €/m2,"- 0,8 %","0,015","0,111",2.067 €/m2 mayo 2008,"- 18,6 %",2024
Cataluña,2.495 €/m2,"0,008","0,026","0,067",2.677 €/m2 jun 2007,"- 6,8 %",2024
Barcelona provincia,2.814 €/m2,"0,011","0,026","0,067",2.914 €/m2 mayo 2025,"- 3,4 %",2024
Barcelona,4.700 €/m2,"0,011","0,031","0,128",4.895 €/m2 mayo 2025,"- 4,0 %",2024
Girona provincia,2.432 €/m2,"0,002","0,008","0,077",2.522 €/m2 jun 2007,"- 3,6 %",2024
Girona,2.541 €/m2,"- 1,9 %","- 3,6 %","0,034",2.639 €/m2 ago 2024,"- 3,7 %",2024
Lleida provincia,1.423 €/m2,"- 0,1 %","0,03","0,112",2.076 €/m2 ago 2007,"- 31,5 %",2024
Lleida,1.332 €/m2,"- 0,3 %","0,022","0,142",1.742 €/m2 abr 2009,"- 23,5 %",2024
Tarragona provincia,1.623 €/m2,"0,003","0,008","0,066",2.120 €/m2 oct 2006,"- 23,4 %",2024
Tarragona,2.036 €/m2,"0,004","0,009","0,074",2.550 €/m2 oct 2008,"- 20,2 %",2024
Ceuta,2.350 €/m2,"0,022","0,045","0,074",2.393 €/m2 mar 2025,"- 1,8 %",2024
Ceuta provincia,2.350 €/m2,"0,022","0,045","0,074",2.393 €/m2 mar 2025,"- 1,8 %",2024
Ceuta,2.350 €/m2,"0,022","0,045","0,074",2.393 €/m2 mar 2025,"- 1,8 %",2024
Comunitat Valenciana,2.061 €/m2,"0,016","0,038","0,16",2.207 €/m2 mayo 2025,"- 6,6 %",2024
Alicante/Alacant,2.364 €/m2,"0,012","0,029","0,15",2.521 €/m2 mayo 2025,"- 6,2 %",2024
Alicante / Alacant,2.265 €/m2,"0,024","0,061","0,182",2.371 €/m2 mayo 2025,"- 4,5 %",2024
Castellón/Castelló,1.326 €/m2,"0,004","0,023","0,086",1.953 €/m2 jul 2007,"- 32,1 %",2024
Castellón de la Plana / Castello de la Plana,1.394 €/m2,"0,007","0,03","0,091",1.831 €/m2 ene 2008,"- 23,9 %",2024
Valencia/Valéncia,1.602 €/m2,"0,018","0,059","0,146",1.943 €/m2 oct 2006,"- 17,6 %",2024
València,2.836 €/m2,"0,009","0,048","0,24",3.017 €/m2 mayo 2025,"- 6,0 %",2024
Euskadi,3.076 €/m2,"0,014","0,028","0,074",3.255 €/m2 abr 2011,"- 5,5 %",2024
Álava,2.403 €/m2,"0,004","0,041","0,06",2.490 €/m2 ene 2011,"- 3,5 %",2024
Vitoria-Gasteiz,2.718 €/m2,"0,014","0,033","0,079",2.975 €/m2 oct 2008,"- 8,6 %",2024
Guipúzcoa,3.746 €/m2,"0,014","0,026","0,069",3.862 €/m2 mayo 2025,"- 3,0 %",2024
Donostia-San Sebastián,5.681 €/m2,"0,002","0,02","0,059",6.025 €/m2 mayo 2025,"- 5,7 %",2024
Vizcaya,2.934 €/m2,"0,011","0,026","0,064",3.360 €/m2 abr 2011,"- 12,7 %",2024
Bilbao,3.491 €/m2,"0,022","0,031","0,077",3.591 €/m2 mayo 2011,"- 2,8 %",2024
Extremadura,986 €/m2,"- 0,8 %","0,013","0,028",1.217 €/m2 abr 2011,"- 19,0 %",2024
Badajoz provincia,972 €/m2,"- 0,8 %","0,007","- 0,6 %",1.278 €/m2 abr 2011,"- 23,9 %",2024
Badajoz,1.483 €/m2,"0,002","0,006","0,062",1.719 €/m2 abr 2008,"- 13,7 %",2024
Cáceres provincia,1.001 €/m2,"- 0,8 %","0,02","0,072",1.174 €/m2 mar 2008,"- 14,7 %",2024
Cáceres,1.361 €/m2,"0,005","0,037","0,093",1.600 €/m2 jul 2008,"- 14,9 %",2024
Galicia,1.437 €/m2,"0,003","0,017","0,045",1.775 €/m2 nov 2011,"- 19,1 %",2024
A Coruña provincia,1.435 €/m2,"0,011","0,028","0,066",1.832 €/m2 nov 2011,"- 21,7 %",2024
A Coruña,2.680 €/m2,"0,03","0,051","0,147",2.895 €/m2 ago 2008,"- 7,4 %",2024
Lugo provincia,1.056 €/m2,"0,012","0,017","0,041",1.616 €/m2 mayo 2011,"- 34,7 %",2024
Lugo,1.364 €/m2,"0,015","0,035","0,084",1.918 €/m2 jun 2011,"- 28,9 %",2024
Ourense provincia,1.092 €/m2,"- 0,3 %","- 0,9 %","- 4,6 %",1.531 €/m2 nov 2011,"- 28,7 %",2024
Ourense,1.495 €/m2,"0,002","0,004","0,012",1.914 €/m2 nov 2011,"- 21,9 %",2024
Pontevedra provincia,1.715 €/m2,"- 0,3 %","0,014","0,066",1.935 €/m2 jun 2007,"- 11,4 %",2024
Pontevedra,2.005 €/m2,"- 0,2 %","0,035","0,056",2.154 €/m2 mayo 2025,"- 6,9 %",2024
La Rioja,1.349 €/m2,"0,007","0,008","0,016",1.652 €/m2 ene 2008,"- 18,3 %",2024
La Rioja,1.349 €/m2,"0,007","0,008","0,016",1.652 €/m2 ene 2008,"- 18,3 %",2024
Logroño,1.800 €/m2,"0,015","0,02","0,043",1.993 €/m2 abr 2011,"- 9,7 %",2024
Madrid Comunidad,3.771 €/m2,"0,016","0,057","0,175",4.234 €/m2 mayo 2025,"- 10,9 %",2024
Madrid provincia,3.771 €/m2,"0,016","0,057","0,175",4.234 €/m2 mayo 2025,"- 10,9 %",2024
Madrid,4.952 €/m2,"0,012","0,041","0,202",5.573 €/m2 mayo 2025,"- 11,1 %",2024
Melilla,1.994 €/m2,"0,004","0,026","0,031",2.073 €/m2 mayo 2025,"- 3,8 %",2024
Melilla provincia,1.994 €/m2,"0,004","0,026","0,031",2.073 €/m2 mayo 2025,"- 3,8 %",2024
Melilla,1.994 €/m2,"0,004","0,026","0,031",2.073 €/m2 mayo 2025,"- 3,8 %",2024
Murcia Región,1.379 €/m2,"0,015","0,051","0,163",1.786 €/m2 sep 2006,"- 22,8 %",2024
Murcia provincia,1.379 €/m2,"0,015","0,051","0,163",1.786 €/m2 sep 2006,"- 22,8 %",2024
Murcia,1.370 €/m2,"0,018","0,054","0,111",1.757 €/m2 sep 2007,"- 22,0 %",2024
Navarra,1.795 €/m2,"0,012","0,039","0,064",1.870 €/m2 oct 2007,"- 4,0 %",2024
Navarra,1.795 €/m2,"0,012","0,039","0,064",1.870 €/m2 oct 2007,"- 4,0 %",2024
Pamplona/Iruña,2.827 €/m2,"0,025","0,048","0,06",2.827 €/m2 dic 2024,"0,0 %",2024
Andalucía,2.078 €/m2,"0,009","0,007","0,099",2.468 €/m2 mayo 2025,"- 15,8 %",2023
Almería provincia,1.196 €/m2,"0,004","- 0,7 %","0,063",1.868 €/m2 jul 2006,"- 36,0 %",2023
Almería,1.380 €/m2,"- 0,2 %","- 0,7 %","0,069",2.257 €/m2 sep 2008,"- 38,9 %",2023
Cádiz provincia,1.802 €/m2,"0,001","0,009","0,092",2.272 €/m2 abr 2007,"- 20,7 %",2023
Cádiz,2.786 €/m2,"0,002","0,038","0,096",3.035 €/m2 dic 2024,"- 8,2 %",2023
Córdoba provincia,1.242 €/m2,"0,0 %","0,016","0,054",1.801 €/m2 nov 2007,"- 31,0 %",2023
Córdoba,1.464 €/m2,"- 0,2 %","0,01","0,018",2.178 €/m2 dic 2007,"- 32,8 %",2023
Granada provincia,1.397 €/m2,"0,016","0,029","0,052",1.782 €/m2 mayo 2007,"- 21,6 %",2023
Granada,2.019 €/m2,"0,014","0,028","0,053",2.422 €/m2 mayo 2025,"- 16,7 %",2023
Huelva provincia,1.394 €/m2,"0,008","0,01","0,074",1.919 €/m2 sep 2007,"- 27,4 %",2023
Huelva,1.286 €/m2,"0,038","0,035","0,094",1.678 €/m2 mayo 2008,"- 23,3 %",2023
Jaén provincia,830 €/m2,"0,005","0,007","0,034",1.320 €/m2 sep 2007,"- 37,1 %",2023
Jaén,1.149 €/m2,"0,011","0,022","0,054",1.672 €/m2 oct 2008,"- 31,3 %",2023
Málaga provincia,3.079 €/m2,"0,009","0,014","0,113",3.718 €/m2 mayo 2025,"- 17,2 %",2023
Málaga,2.668 €/m2,"0,01","0,016","0,141",3.427 €/m2 mayo 2025,"- 22,1 %",2023
Sevilla provincia,1.557 €/m2,"- 0,6 %","0,02","0,064",1.970 €/m2 mar 2008,"- 21,0 %",2023
Sevilla,2.211 €/m2,"- 0,3 %","0,012","0,042",2.646 €/m2 sep 2007,"- 16,5 %",2023
Aragón,1.417 €/m2,"0,012","0,016","0,063",2.008 €/m2 mar 2007,"- 29,4 %",2023
Huesca provincia,1.492 €/m2,"0,015","0,029","0,097",2.246 €/m2 ago 2007,"- 33,6 %",2023
Huesca,1.709 €/m2,"0,02","0,018","0,185",1.738 €/m2 mar 2011,"- 1,6 %",2023
Teruel provincia,912 €/m2,"0,0 %","0,004","0,041",1.118 €/m2 jun 2008,"- 18,5 %",2023
Teruel,1.315 €/m2,"- 0,2 %","0,024","0,134",1.660 €/m2 nov 2010,"- 20,8 %",2023
Zaragoza provincia,1.452 €/m2,"0,01","0,01","0,052",2.135 €/m2 mayo 2007,"- 32,0 %",2023
Zaragoza,1.801 €/m2,"0,017","0,021","0,055",2.787 €/m2 dic 2007,"- 35,4 %",2023
Asturias,1.371 €/m2,"- 0,2 %","0,006","0,021",1.867 €/m2 abr 2008,"- 26,6 %",2023
Asturias,1.371 €/m2,"- 0,2 %","0,006","0,021",1.867 €/m2 abr 2008,"- 26,6 %",2023
Oviedo,1.670 €/m2,"0,003","0,019","0,039",2.179 €/m2 ene 2009,"- 23,4 %",2023
Baleares,4.083 €/m2,"0,008","0,012","0,127",4.905 €/m2 mayo 2025,"- 16,7 %",2023
Baleares,4.083 €/m2,"0,008","0,012","0,127",4.905 €/m2 mayo 2025,"- 16,7 %",2023
Palma de Mallorca,3.877 €/m2,"0,0 %","- 0,8 %","0,12",4.772 €/m2 mayo 2025,"- 18,7 %",2023
Canarias,2.432 €/m2,"0,005","0,041","0,159",3.039 €/m2 mayo 2025,"- 20,0 %",2023
Las Palmas,2.279 €/m2,"0,01","0,028","0,103",2.778 €/m2 mayo 2025,"- 18,0 %",2023
Las Palmas de Gran Canaria,2.201 €/m2,"0,01","0,024","0,05",2.507 €/m2 mayo 2025,"- 12,2 %",2023
Santa Cruz de Tenerife provincia,2.555 €/m2,"0,002","0,048","0,202",3.224 €/m2 mayo 2025,"- 20,7 %",2023
Santa Cruz de Tenerife,2.042 €/m2,"0,011","0,061","0,209",2.214 €/m2 abr 2025,"- 7,8 %",2023
Cantabria,1.572 €/m2,"0,001","0,006","0,048",2.010 €/m2 feb 2008,"- 21,8 %",2023
Cantabria,1.572 €/m2,"0,001","0,006","0,048",2.010 €/m2 feb 2008,"- 21,8 %",2023
Santander,2.136 €/m2,"0,002","0,007","0,089",2.727 €/m2 mayo 2025,"- 21,7 %",2023
Castilla y León,1.176 €/m2,"0,005","0,021","0,034",1.481 €/m2 jun 2011,"- 20,6 %",2023
Ávila provincia,887 €/m2,"0,005","0,002","0,06",1.266 €/m2 mar 2008,"- 30,0 %",2023
Ávila,1.256 €/m2,"0,013","- 1,4 %","0,165",1.744 €/m2 jul 2008,"- 28,0 %",2023
Burgos provincia,1.213 €/m2,"- 0,5 %","0,015","0,052",1.655 €/m2 sep 2011,"- 26,7 %",2023
Burgos,1.709 €/m2,"0,001","0,024","0,058",2.176 €/m2 nov 2008,"- 21,5 %",2023
León provincia,993 €/m2,"0,003","0,016","0,023",1.351 €/m2 jun 2011,"- 26,5 %",2023
León,1.371 €/m2,"0,015","0,022","0,036",1.898 €/m2 feb 2011,"- 27,8 %",2023
Palencia provincia,1.112 €/m2,"0,006","0,021","0,023",1.335 €/m2 feb 2012,"- 16,7 %",2023
Palencia,1.308 €/m2,"0,01","0,016","0,027",1.724 €/m2 ene 2009,"- 24,1 %",2023
Salamanca provincia,1.334 €/m2,"0,009","0,026","0,017",1.719 €/m2 mar 2011,"- 22,4 %",2023
Salamanca,1.759 €/m2,"0,005","0,011","0,027",2.480 €/m2 mar 2008,"- 29,1 %",2023
Segovia provincia,1.252 €/m2,"0,003","0,02","0,048",1.601 €/m2 sep 2007,"- 21,8 %",2023
Segovia,1.749 €/m2,"- 0,4 %","0,026","0,035",2.252 €/m2 mar 2009,"- 22,3 %",2023
Soria provincia,1.143 €/m2,"0,027","0,049","0,122",1.372 €/m2 nov 2010,"- 16,7 %",2023
Soria,1.619 €/m2,"0,036","0,04","0,231",1.913 €/m2 nov 2010,"- 15,4 %",2023
Valladolid provincia,1.373 €/m2,"0,007","0,021","0,029",1.776 €/m2 oct 2007,"- 22,7 %",2023
Valladolid,1.630 €/m2,"0,006","0,022","0,025",2.117 €/m2 oct 2007,"- 23,0 %",2023
Zamora provincia,933 €/m2,"- 0,2 %","- 0,9 %","- 2,9 %",1.368 €/m2 mar 2011,"- 31,8 %",2023
Zamora,1.118 €/m2,"0,005","0,002","0,001",1.607 €/m2 mar 2011,"- 30,4 %",2023
Castilla-La Mancha,917 €/m2,"0,006","0,012","0,031",1.424 €/m2 mayo 2007,"- 35,6 %",2023
Albacete provincia,1.124 €/m2,"0,01","0,026","0,052",1.570 €/m2 abr 2008,"- 28,4 %",2023
Albacete,1.497 €/m2,"0,004","0,021","0,065",1.852 €/m2 jun 2008,"- 19,2 %",2023
Ciudad Real provincia,745 €/m2,"- 0,1 %","- 0,9 %","- 0,6 %",1.391 €/m2 jun 2007,"- 46,4 %",2023
Ciudad Real,1.218 €/m2,"0,004","0,014","0,034",1.877 €/m2 abr 2008,"- 35,1 %",2023
Cuenca provincia,852 €/m2,"0,035","0,069","0,074",1.109 €/m2 ago 2008,"- 23,2 %",2023
Cuenca,1.342 €/m2,"0,028","0,075","0,087",1.674 €/m2 mar 2010,"- 19,8 %",2023
Guadalajara provincia,1.231 €/m2,"0,009","0,017","0,063",1.661 €/m2 jun 2007,"- 25,9 %",2023
Guadalajara,1.590 €/m2,"0,002","- 0,9 %","0,061",2.137 €/m2 mayo 2008,"- 25,6 %",2023
Toledo provincia,856 €/m2,"0,001","0,007","0,02",1.465 €/m2 nov 2006,"- 41,5 %",2023
Toledo,1.514 €/m2,"0,02","0,026","0,036",2.067 €/m2 mayo 2008,"- 26,7 %",2023
Cataluña,2.339 €/m2,"0,003","0,002","0,019",2.677 €/m2 jun 2007,"- 12,7 %",2023
Barcelona provincia,2.638 €/m2,"0,002","- 1,0 %","- 1,3 %",2.914 €/m2 mayo 2025,"- 9,5 %",2023
Barcelona,4.167 €/m2,"0,005","0,003","0,026",4.895 €/m2 mayo 2025,"- 14,9 %",2023
Girona provincia,2.259 €/m2,"0,003","0,001","0,054",2.522 €/m2 jun 2007,"- 10,4 %",2023
Girona,2.457 €/m2,"0,004","0,016","0,108",2.639 €/m2 ago 2024,"- 6,9 %",2023
Lleida provincia,1.280 €/m2,"- 1,3 %","- 1,9 %","0,065",2.076 €/m2 ago 2007,"- 38,3 %",2023
Lleida,1.167 €/m2,"- 0,8 %","- 1,6 %","0,059",1.742 €/m2 abr 2009,"- 33,0 %",2023
Tarragona provincia,1.522 €/m2,"0,003","0,015","0,076",2.120 €/m2 oct 2006,"- 28,2 %",2023
Tarragona,1.896 €/m2,"- 0,1 %","0,012","0,014",2.550 €/m2 oct 2008,"- 25,7 %",2023
Ceuta,2.187 €/m2,"0,014","0,013","0,029",2.393 €/m2 mar 2025,"- 8,6 %",2023
Ceuta provincia,2.187 €/m2,"0,014","0,013","0,029",2.393 €/m2 mar 2025,"- 8,6 %",2023
Ceuta,2.187 €/m2,"0,014","0,013",n.d.,2.393 €/m2 mar 2025,"- 8,6 %",2023
Comunitat Valenciana,1.776 €/m2,"0,007","0,008","0,113",2.207 €/m2 mayo 2025,"- 19,5 %",2023
Alicante/Alacant,2.055 €/m2,"0,006","0,006","0,11",2.521 €/m2 mayo 2025,"- 18,5 %",2023
Alicante / Alacant,1.915 €/m2,"0,022","0,04","0,175",2.371 €/m2 mayo 2025,"- 19,2 %",2023
Castellón/Castelló,1.221 €/m2,"0,006","0,014","0,09",1.953 €/m2 jul 2007,"- 37,5 %",2023
Castellón de la Plana / Castello de la Plana,1.277 €/m2,"0,007","0,026","0,074",1.831 €/m2 ene 2008,"- 30,3 %",2023
Valencia/Valéncia,1.398 €/m2,"0,005","0,019","0,104",1.943 €/m2 oct 2006,"- 28,0 %",2023
València,2.287 €/m2,"0,0 %","- 0,6 %","0,129",3.017 €/m2 mayo 2025,"- 24,2 %",2023
Euskadi,2.864 €/m2,"0,003","0,007","0,033",3.255 €/m2 abr 2011,"- 12,0 %",2023
Álava,2.267 €/m2,"0,0 %","0,008","0,025",2.490 €/m2 ene 2011,"- 8,9 %",2023
Vitoria-Gasteiz,2.518 €/m2,"0,0 %","0,0 %","0,018",2.975 €/m2 oct 2008,"- 15,4 %",2023
Guipúzcoa,3.505 €/m2,"- 0,3 %","0,006","0,04",3.862 €/m2 mayo 2025,"- 9,2 %",2023
Donostia-San Sebastián,5.365 €/m2,"- 0,2 %","0,002","0,046",6.025 €/m2 mayo 2025,"- 11,0 %",2023
Vizcaya,2.758 €/m2,"0,005","0,008","0,021",3.360 €/m2 abr 2011,"- 17,9 %",2023
Bilbao,3.241 €/m2,"0,007","0,016","0,023",3.591 €/m2 mayo 2011,"- 9,7 %",2023
Extremadura,959 €/m2,"0,001","0,013","0,017",1.217 €/m2 abr 2011,"- 21,3 %",2023
Badajoz provincia,978 €/m2,"0,001","0,01","0,011",1.278 €/m2 abr 2011,"- 23,5 %",2023
Badajoz,1.396 €/m2,"0,003","- 0,2 %","0,026",1.719 €/m2 abr 2008,"- 18,8 %",2023
Cáceres provincia,934 €/m2,"0,002","0,015","0,023",1.174 €/m2 mar 2008,"- 20,4 %",2023
Cáceres,1.245 €/m2,"0,001","0,02","0,051",1.600 €/m2 jul 2008,"- 22,2 %",2023
Galicia,1.375 €/m2,"0,001","0,015","0,028",1.775 €/m2 nov 2011,"- 22,6 %",2023
A Coruña provincia,1.346 €/m2,"0,007","0,024","0,05",1.832 €/m2 nov 2011,"- 26,6 %",2023
A Coruña,2.337 €/m2,"0,0 %","0,026","0,024",2.895 €/m2 ago 2008,"- 19,3 %",2023
Lugo provincia,1.014 €/m2,"0,005","0,004","0,034",1.616 €/m2 mayo 2011,"- 37,2 %",2023
Lugo,1.259 €/m2,"0,0 %","0,01","0,03",1.918 €/m2 jun 2011,"- 34,4 %",2023
Ourense provincia,1.145 €/m2,"0,001","0,016","- 1,3 %",1.531 €/m2 nov 2011,"- 25,2 %",2023
Ourense,1.477 €/m2,"0,008","0,025","0,019",1.914 €/m2 nov 2011,"- 22,8 %",2023
Pontevedra provincia,1.608 €/m2,"- 0,4 %","0,003","0,012",1.935 €/m2 jun 2007,"- 16,9 %",2023
Pontevedra,1.899 €/m2,"- 0,4 %","0,003","0,055",2.154 €/m2 mayo 2025,"- 11,8 %",2023
La Rioja,1.327 €/m2,"0,019","0,034","0,054",1.652 €/m2 ene 2008,"- 19,6 %",2023
La Rioja,1.327 €/m2,"0,019","0,034","0,054",1.652 €/m2 ene 2008,"- 19,6 %",2023
Logroño,1.726 €/m2,"0,014","0,036","0,082",1.993 €/m2 abr 2011,"- 13,4 %",2023
Madrid Comunidad,3.208 €/m2,"0,012","0,025","0,048",4.234 €/m2 mayo 2025,"- 24,2 %",2023
Madrid provincia,3.208 €/m2,"0,012","0,025","0,048",4.234 €/m2 mayo 2025,"- 24,2 %",2023
Madrid,4.118 €/m2,"0,013","0,02","0,061",5.573 €/m2 mayo 2025,"- 26,1 %",2023
Melilla,1.934 €/m2,"- 1,3 %","0,004","0,026",2.073 €/m2 mayo 2025,"- 6,7 %",2023
Melilla provincia,1.934 €/m2,"- 1,3 %","0,004","0,026",2.073 €/m2 mayo 2025,"- 6,7 %",2023
Melilla,1.934 €/m2,"- 1,3 %","0,004","0,026",2.073 €/m2 mayo 2025,"- 6,7 %",2023
Murcia Región,1.186 €/m2,"0,008","0,019","0,098",1.786 €/m2 sep 2006,"- 33,6 %",2023
Murcia provincia,1.186 €/m2,"0,008","0,019","0,098",1.786 €/m2 sep 2006,"- 33,6 %",2023
Murcia,1.233 €/m2,"0,019","0,035","0,118",1.757 €/m2 sep 2007,"- 29,9 %",2023
Navarra,1.687 €/m2,"0,019","0,023","0,076",1.870 €/m2 oct 2007,"- 9,8 %",2023
Navarra,1.687 €/m2,"0,019","0,023","0,076",1.870 €/m2 oct 2007,"- 9,8 %",2023
Pamplona/Iruña,2.668 €/m2,"0,009","0,003","0,05",2.827 €/m2 dic 2024,"- 5,6 %",2023
Andalucía,1.891 €/m2,"- 0,4 %","0,002","0,064",2.468 €/m2 mayo 2025,"- 23,4 %",2022
Almería provincia,1.125 €/m2,"- 1,0 %","- 1,5 %","0,033",1.868 €/m2 jul 2006,"- 39,8 %",2022
Almería,1.291 €/m2,"0,007","0,023","0,063",2.257 €/m2 sep 2008,"- 42,8 %",2022
Cádiz provincia,1.650 €/m2,"0,003","0,013","0,073",2.272 €/m2 abr 2007,"- 27,4 %",2022
Cádiz,2.543 €/m2,"0,003","0,02","0,068",3.035 €/m2 dic 2024,"- 16,2 %",2022
Córdoba provincia,1.179 €/m2,"- 0,1 %","- 0,7 %","0,016",1.801 €/m2 nov 2007,"- 34,5 %",2022
Córdoba,1.438 €/m2,"0,001","0,003","0,029",2.178 €/m2 dic 2007,"- 34,0 %",2022
Granada provincia,1.328 €/m2,"- 1,3 %","0,002","0,033",1.782 €/m2 mayo 2007,"- 25,5 %",2022
Granada,1.917 €/m2,"- 0,4 %","0,003","0,055",2.422 €/m2 mayo 2025,"- 20,9 %",2022
Huelva provincia,1.298 €/m2,"- 0,7 %","0,002","0,031",1.919 €/m2 sep 2007,"- 32,3 %",2022
Huelva,1.176 €/m2,"0,006","0,025","0,064",1.678 €/m2 mayo 2008,"- 29,9 %",2022
Jaén provincia,803 €/m2,"- 1,8 %","- 1,8 %","- 2,7 %",1.320 €/m2 sep 2007,"- 39,2 %",2022
Jaén,1.090 €/m2,"- 0,6 %","- 0,4 %","- 1,4 %",1.672 €/m2 oct 2008,"- 34,8 %",2022
Málaga provincia,2.766 €/m2,"0,004","0,016","0,131",3.718 €/m2 mayo 2025,"- 25,6 %",2022
Málaga,2.338 €/m2,"0,005","0,009","0,077",3.427 €/m2 mayo 2025,"- 31,8 %",2022
Sevilla provincia,1.463 €/m2,"0,001","0,023","0,05",1.970 €/m2 mar 2008,"- 25,7 %",2022
Sevilla,2.121 €/m2,"0,004","0,031","0,087",2.646 €/m2 sep 2007,"- 19,9 %",2022
Aragón,1.333 €/m2,"0,0 %","0,01","0,01",2.008 €/m2 mar 2007,"- 33,6 %",2022
Huesca provincia,1.360 €/m2,"- 0,6 %","- 3,5 %","- 2,6 %",2.246 €/m2 ago 2007,"- 39,5 %",2022
Huesca,1.443 €/m2,"0,015","0,005","- 0,2 %",1.738 €/m2 mar 2011,"- 17,0 %",2022
Teruel provincia,876 €/m2,"- 1,8 %","- 1,4 %","- 0,9 %",1.118 €/m2 jun 2008,"- 21,7 %",2022
Teruel,1.160 €/m2,"- 2,4 %","- 2,0 %","- 1,0 %",1.660 €/m2 nov 2010,"- 30,1 %",2022
Zaragoza provincia,1.380 €/m2,"0,003","0,021","0,026",2.135 €/m2 mayo 2007,"- 35,4 %",2022
Zaragoza,1.706 €/m2,"0,004","0,016","0,053",2.787 €/m2 dic 2007,"- 38,8 %",2022
Asturias,1.343 €/m2,"- 0,2 %","0,001","0,005",1.867 €/m2 abr 2008,"- 28,1 %",2022
Asturias,1.343 €/m2,"- 0,2 %","0,001","0,005",1.867 €/m2 abr 2008,"- 28,1 %",2022
Oviedo,1.607 €/m2,"0,0 %","0,008","0,037",2.179 €/m2 ene 2009,"- 26,3 %",2022
Baleares,3.625 €/m2,"0,008","0,019","0,101",4.905 €/m2 mayo 2025,"- 26,1 %",2022
Baleares,3.625 €/m2,"0,008","0,019","0,101",4.905 €/m2 mayo 2025,"- 26,1 %",2022
Palma de Mallorca,3.462 €/m2,"0,008","0,015","0,12",4.772 €/m2 mayo 2025,"- 27,4 %",2022
Canarias,2.099 €/m2,"0,007","0,025","0,068",3.039 €/m2 mayo 2025,"- 30,9 %",2022
Las Palmas,2.066 €/m2,"0,012","0,021","0,054",2.778 €/m2 mayo 2025,"- 25,7 %",2022
Las Palmas de Gran Canaria,2.097 €/m2,"- 0,3 %","- 1,3 %","0,028",2.507 €/m2 mayo 2025,"- 16,3 %",2022
Santa Cruz de Tenerife provincia,2.125 €/m2,"0,003","0,029","0,079",3.224 €/m2 mayo 2025,"- 34,1 %",2022
Santa Cruz de Tenerife,1.690 €/m2,"0,001","0,034","0,158",2.214 €/m2 abr 2025,"- 23,7 %",2022
Cantabria,1.500 €/m2,"0,004","0,01","0,024",2.010 €/m2 feb 2008,"- 25,4 %",2022
Cantabria,1.500 €/m2,"0,004","0,01","0,024",2.010 €/m2 feb 2008,"- 25,4 %",2022
Santander,1.961 €/m2,"0,011","0,004","0,027",2.727 €/m2 mayo 2025,"- 28,1 %",2022
Castilla y León,1.137 €/m2,"- 0,2 %","0,004","- 0,9 %",1.481 €/m2 jun 2011,"- 23,2 %",2022
Ávila provincia,837 €/m2,"- 1,3 %","- 1,0 %","- 0,9 %",1.266 €/m2 mar 2008,"- 33,9 %",2022
Ávila,1.078 €/m2,"- 1,3 %","- 1,0 %","0,004",1.744 €/m2 jul 2008,"- 38,2 %",2022
Burgos provincia,1.153 €/m2,"- 0,4 %","- 0,9 %","- 2,4 %",1.655 €/m2 sep 2011,"- 30,3 %",2022
Burgos,1.615 €/m2,"0,002","0,001","0,003",2.176 €/m2 nov 2008,"- 25,8 %",2022
León provincia,971 €/m2,"- 2,1 %","- 1,5 %","- 3,1 %",1.351 €/m2 jun 2011,"- 28,1 %",2022
León,1.323 €/m2,"- 0,8 %","- 0,4 %","- 0,5 %",1.898 €/m2 feb 2011,"- 30,3 %",2022
Palencia provincia,1.087 €/m2,"- 0,3 %","- 0,7 %","- 3,8 %",1.335 €/m2 feb 2012,"- 18,6 %",2022
Palencia,1.274 €/m2,"- 0,7 %","- 1,6 %","- 3,8 %",1.724 €/m2 ene 2009,"- 26,1 %",2022
Salamanca provincia,1.311 €/m2,"0,004","0,013","- 0,5 %",1.719 €/m2 mar 2011,"- 23,7 %",2022
Salamanca,1.713 €/m2,"0,006","0,008","0,022",2.480 €/m2 mar 2008,"- 31,0 %",2022
Segovia provincia,1.195 €/m2,"0,015","0,021","0,067",1.601 €/m2 sep 2007,"- 25,4 %",2022
Segovia,1.689 €/m2,"0,025","0,013","0,089",2.252 €/m2 mar 2009,"- 25,0 %",2022
Soria provincia,1.019 €/m2,"0,001","- 1,7 %","0,03",1.372 €/m2 nov 2010,"- 25,7 %",2022
Soria,1.315 €/m2,"- 1,3 %","- 5,2 %","0,007",1.913 €/m2 nov 2010,"- 31,3 %",2022
Valladolid provincia,1.334 €/m2,"- 0,2 %","0,011","0,019",1.776 €/m2 oct 2007,"- 24,9 %",2022
Valladolid,1.591 €/m2,"- 0,2 %","0,014","0,031",2.117 €/m2 oct 2007,"- 24,8 %",2022
Zamora provincia,961 €/m2,"0,011","0,022","- 0,3 %",1.368 €/m2 mar 2011,"- 29,7 %",2022
Zamora,1.117 €/m2,"0,011","0,011","- 2,4 %",1.607 €/m2 mar 2011,"- 30,5 %",2022
Castilla-La Mancha,889 €/m2,"- 0,2 %","0,002","0,011",1.424 €/m2 mayo 2007,"- 37,6 %",2022
Albacete provincia,1.068 €/m2,"- 0,4 %","- 1,2 %","0,02",1.570 €/m2 abr 2008,"- 32,0 %",2022
Albacete,1.405 €/m2,"- 0,8 %","- 0,6 %","0,042",1.852 €/m2 jun 2008,"- 24,1 %",2022
Ciudad Real provincia,750 €/m2,"- 0,5 %","0,0 %","- 2,5 %",1.391 €/m2 jun 2007,"- 46,1 %",2022
Ciudad Real,1.178 €/m2,"0,01","0,02","0,039",1.877 €/m2 abr 2008,"- 37,2 %",2022
Cuenca provincia,793 €/m2,"- 0,5 %","- 0,8 %","- 1,1 %",1.109 €/m2 ago 2008,"- 28,5 %",2022
Cuenca,1.234 €/m2,"0,05","0,099","0,048",1.674 €/m2 mar 2010,"- 26,3 %",2022
Guadalajara provincia,1.158 €/m2,"0,013","0,012","0,069",1.661 €/m2 jun 2007,"- 30,3 %",2022
Guadalajara,1.498 €/m2,"0,003","0,002","0,108",2.137 €/m2 mayo 2008,"- 29,9 %",2022
Toledo provincia,839 €/m2,"- 1,1 %","- 0,4 %","0,015",1.465 €/m2 nov 2006,"- 42,7 %",2022
Toledo,1.462 €/m2,"- 0,3 %","0,011","0,019",2.067 €/m2 mayo 2008,"- 29,3 %",2022
Cataluña,2.295 €/m2,"- 0,2 %","0,003","0,008",2.677 €/m2 jun 2007,"- 14,3 %",2022
Barcelona provincia,2.673 €/m2,"0,002","- 0,3 %","0,007",2.914 €/m2 mayo 2025,"- 8,3 %",2022
Barcelona,4.063 €/m2,"0,002","- 0,8 %","0,039",4.895 €/m2 mayo 2025,"- 17,0 %",2022
Girona provincia,2.144 €/m2,"- 0,6 %","- 0,8 %","0,024",2.522 €/m2 jun 2007,"- 15,0 %",2022
Girona,2.218 €/m2,"- 1,5 %","- 1,5 %","0,014",2.639 €/m2 ago 2024,"- 16,0 %",2022
Lleida provincia,1.202 €/m2,"- 1,0 %","- 1,9 %","- 4,1 %",2.076 €/m2 ago 2007,"- 42,1 %",2022
Lleida,1.102 €/m2,"0,009","0,008","0,063",1.742 €/m2 abr 2009,"- 36,7 %",2022
Tarragona provincia,1.415 €/m2,"- 1,0 %","- 0,7 %","0,028",2.120 €/m2 oct 2006,"- 33,3 %",2022
Tarragona,1.870 €/m2,"0,013","0,044","0,077",2.550 €/m2 oct 2008,"- 26,7 %",2022
Ceuta,2.124 €/m2,"0,004","0,013","0,019",2.393 €/m2 mar 2025,"- 11,2 %",2022
Ceuta provincia,2.124 €/m2,"0,004","0,013","0,019",2.393 €/m2 mar 2025,"- 11,2 %",2022
Comunitat Valenciana,1.596 €/m2,"0,002","0,006","0,079",2.207 €/m2 mayo 2025,"- 27,7 %",2022
Alicante/Alacant,1.851 €/m2,"0,005","0,013","0,101",2.521 €/m2 mayo 2025,"- 26,6 %",2022
Alicante / Alacant,1.630 €/m2,"0,004","0,02","0,111",2.371 €/m2 mayo 2025,"- 31,2 %",2022
Castellón/Castelló,1.119 €/m2,"- 1,7 %","- 2,3 %","0,008",1.953 €/m2 jul 2007,"- 42,7 %",2022
Castellón de la Plana / Castello de la Plana,1.189 €/m2,"- 0,9 %","- 0,8 %","0,011",1.831 €/m2 ene 2008,"- 35,1 %",2022
Valencia/Valéncia,1.267 €/m2,"- 1,0 %","- 0,6 %","0,043",1.943 €/m2 oct 2006,"- 34,8 %",2022
València,2.026 €/m2,"- 0,3 %","- 0,3 %","0,095",3.017 €/m2 mayo 2025,"- 32,8 %",2022
Euskadi,2.773 €/m2,"0,003","0,008","0,031",3.255 €/m2 abr 2011,"- 14,8 %",2022
Álava,2.212 €/m2,"- 1,6 %","0,007","0,013",2.490 €/m2 ene 2011,"- 11,2 %",2022
Vitoria-Gasteiz,2.474 €/m2,"- 1,6 %","- 0,8 %","0,018",2.975 €/m2 oct 2008,"- 16,8 %",2022
Guipúzcoa,3.370 €/m2,"0,015","0,006","0,054",3.862 €/m2 mayo 2025,"- 12,7 %",2022
Donostia-San Sebastián,5.130 €/m2,"0,006","- 0,9 %","0,039",6.025 €/m2 mayo 2025,"- 14,9 %",2022
Vizcaya,2.702 €/m2,"0,002","0,012","0,027",3.360 €/m2 abr 2011,"- 19,6 %",2022
Bilbao,3.166 €/m2,"0,005","0,025","0,045",3.591 €/m2 mayo 2011,"- 11,8 %",2022
Extremadura,943 €/m2,"0,005","0,016","0,002",1.217 €/m2 abr 2011,"- 22,6 %",2022
Badajoz provincia,967 €/m2,"0,002","0,021","0,014",1.278 €/m2 abr 2011,"- 24,3 %",2022
Badajoz,1.361 €/m2,"0,003","0,024","0,068",1.719 €/m2 abr 2008,"- 20,9 %",2022
Cáceres provincia,912 €/m2,"0,008","0,008","- 1,3 %",1.174 €/m2 mar 2008,"- 22,3 %",2022
Cáceres,1.185 €/m2,"0,003","0,014","0,014",1.600 €/m2 jul 2008,"- 25,9 %",2022
Galicia,1.338 €/m2,"0,001","0,01","0,007",1.775 €/m2 nov 2011,"- 24,7 %",2022
A Coruña provincia,1.282 €/m2,"- 0,1 %","0,011","0,009",1.832 €/m2 nov 2011,"- 30,0 %",2022
A Coruña,2.283 €/m2,"0,005","0,024","0,066",2.895 €/m2 ago 2008,"- 21,2 %",2022
Lugo provincia,981 €/m2,"- 0,4 %","- 0,1 %","0,006",1.616 €/m2 mayo 2011,"- 39,3 %",2022
Lugo,1.221 €/m2,"- 0,7 %","- 0,5 %","- 0,4 %",1.918 €/m2 jun 2011,"- 36,3 %",2022
Ourense provincia,1.160 €/m2,"0,005","0,014","0,008",1.531 €/m2 nov 2011,"- 24,3 %",2022
Ourense,1.450 €/m2,"0,007","0,013","0,014",1.914 €/m2 nov 2011,"- 24,3 %",2022
Pontevedra provincia,1.589 €/m2,"0,001","0,006","0,015",1.935 €/m2 jun 2007,"- 17,9 %",2022
Pontevedra,1.800 €/m2,"0,018","0,042","0,059",2.154 €/m2 mayo 2025,"- 16,4 %",2022
La Rioja,1.260 €/m2,"- 0,4 %","0,015","- 0,4 %",1.652 €/m2 ene 2008,"- 23,7 %",2022
La Rioja,1.260 €/m2,"- 0,4 %","0,015","- 0,4 %",1.652 €/m2 ene 2008,"- 23,7 %",2022
Logroño,1.594 €/m2,"- 0,2 %","0,012","0,014",1.993 €/m2 abr 2011,"- 20,0 %",2022
Madrid Comunidad,3.062 €/m2,"- 0,4 %","0,006","0,057",4.234 €/m2 mayo 2025,"- 27,7 %",2022
Madrid provincia,3.062 €/m2,"- 0,4 %","0,006","0,057",4.234 €/m2 mayo 2025,"- 27,7 %",2022
Madrid,3.881 €/m2,"- 0,9 %","- 0,8 %","0,063",5.573 €/m2 mayo 2025,"- 30,4 %",2022
Melilla,1.885 €/m2,"- 0,7 %","0,008","0,023",2.073 €/m2 mayo 2025,"- 9,1 %",2022
Melilla provincia,1.885 €/m2,"- 0,7 %","0,008","0,023",2.073 €/m2 mayo 2025,"- 9,1 %",2022
Melilla,1.885 €/m2,"- 0,7 %","0,008","0,023",2.073 €/m2 mayo 2025,"- 9,1 %",2022
Murcia Región,1.080 €/m2,"- 0,6 %","- 1,0 %","0,017",1.786 €/m2 sep 2006,"- 39,5 %",2022
Murcia provincia,1.080 €/m2,"- 0,6 %","- 1,0 %","0,017",1.786 €/m2 sep 2006,"- 39,5 %",2022
Murcia,1.103 €/m2,"- 0,9 %","0,012","0,025",1.757 €/m2 sep 2007,"- 37,3 %",2022
Navarra,1.568 €/m2,"- 1,0 %","0,024","0,057",1.870 €/m2 oct 2007,"- 16,1 %",2022
Navarra,1.568 €/m2,"- 1,0 %","0,024","0,057",1.870 €/m2 oct 2007,"- 16,1 %",2022
Pamplona/Iruña,2.541 €/m2,"- 1,0 %","- 2,6 %","0,075",2.827 €/m2 dic 2024,"- 10,1 %",2022
Andalucía,1.778 €/m2,"- 0,4 %","0,0 %","0,071",2.468 €/m2 mayo 2025,"- 28,0 %",2021
Almería provincia,1.089 €/m2,"- 0,6 %","0,004","0,006",1.868 €/m2 jul 2006,"- 41,7 %",2021
Almería,1.214 €/m2,"0,003","0,022","0,016",2.257 €/m2 sep 2008,"- 46,2 %",2021
Cádiz provincia,1.537 €/m2,"- 0,7 %","- 1,2 %","0,009",2.272 €/m2 abr 2007,"- 32,3 %",2021
Cádiz,2.382 €/m2,"- 0,5 %","0,01","0,03",3.035 €/m2 dic 2024,"- 21,5 %",2021
Córdoba provincia,1.160 €/m2,"- 0,6 %","- 2,5 %","- 1,3 %",1.801 €/m2 nov 2007,"- 35,6 %",2021
Córdoba,1.397 €/m2,"0,0 %","- 0,1 %","0,002",2.178 €/m2 dic 2007,"- 35,8 %",2021
Granada provincia,1.285 €/m2,"0,001","0,018","0,07",1.782 €/m2 mayo 2007,"- 27,9 %",2021
Granada,1.818 €/m2,"0,011","0,02","0,056",2.422 €/m2 mayo 2025,"- 25,0 %",2021
Huelva provincia,1.260 €/m2,"- 0,3 %","0,004","0,004",1.919 €/m2 sep 2007,"- 34,4 %",2021
Huelva,1.105 €/m2,"- 1,0 %","- 0,2 %","- 0,2 %",1.678 €/m2 mayo 2008,"- 34,1 %",2021
Jaén provincia,826 €/m2,"- 0,2 %","0,002","- 2,9 %",1.320 €/m2 sep 2007,"- 37,5 %",2021
Jaén,1.105 €/m2,"- 0,1 %","0,002","- 4,5 %",1.672 €/m2 oct 2008,"- 33,9 %",2021
Málaga provincia,2.446 €/m2,"0,004","0,012","0,079",3.718 €/m2 mayo 2025,"- 34,2 %",2021
Málaga,2.170 €/m2,"0,002","0,002","0,032",3.427 €/m2 mayo 2025,"- 36,7 %",2021
Sevilla provincia,1.394 €/m2,"- 0,2 %","0,011","- 0,9 %",1.970 €/m2 mar 2008,"- 29,3 %",2021
Sevilla,1.950 €/m2,"0,001","0,008","- 2,2 %",2.646 €/m2 sep 2007,"- 26,3 %",2021
Aragón,1.319 €/m2,"- 0,2 %","0,017","0,001",2.008 €/m2 mar 2007,"- 34,3 %",2021
Huesca provincia,1.395 €/m2,"- 0,2 %","0,014","0,0 %",2.246 €/m2 ago 2007,"- 37,9 %",2021
Huesca,1.445 €/m2,"0,01","0,004","0,04",1.738 €/m2 mar 2011,"- 16,8 %",2021
Teruel provincia,884 €/m2,"- 0,7 %","- 1,0 %","- 1,9 %",1.118 €/m2 jun 2008,"- 21,0 %",2021
Teruel,1.172 €/m2,"- 1,4 %","- 1,8 %","0,029",1.660 €/m2 nov 2010,"- 29,4 %",2021
Zaragoza provincia,1.345 €/m2,"- 0,2 %","0,022","0,007",2.135 €/m2 mayo 2007,"- 37,0 %",2021
Zaragoza,1.621 €/m2,"- 0,2 %","0,01","0,012",2.787 €/m2 dic 2007,"- 41,8 %",2021
Asturias,1.336 €/m2,"- 0,1 %","0,008","- 0,8 %",1.867 €/m2 abr 2008,"- 28,4 %",2021
Asturias,1.336 €/m2,"- 0,1 %","0,008","- 0,8 %",1.867 €/m2 abr 2008,"- 28,4 %",2021
Oviedo,1.549 €/m2,"- 0,1 %","0,007","0,008",2.179 €/m2 ene 2009,"- 28,9 %",2021
Baleares,3.291 €/m2,"0,011","0,019","0,065",4.905 €/m2 mayo 2025,"- 32,9 %",2021
Baleares,3.291 €/m2,"0,011","0,019","0,065",4.905 €/m2 mayo 2025,"- 32,9 %",2021
Palma de Mallorca,3.092 €/m2,"0,004","0,01","0,054",4.772 €/m2 mayo 2025,"- 35,2 %",2021
Canarias,1.966 €/m2,"0,004","0,02","0,053",3.039 €/m2 mayo 2025,"- 35,3 %",2021
Las Palmas,1.961 €/m2,"0,006","0,009","0,011",2.778 €/m2 mayo 2025,"- 29,4 %",2021
Las Palmas de Gran Canaria,2.040 €/m2,"0,006","0,009","- 1,3 %",2.507 €/m2 mayo 2025,"- 18,6 %",2021
Santa Cruz de Tenerife provincia,1.970 €/m2,"0,003","0,029","0,09",3.224 €/m2 mayo 2025,"- 38,9 %",2021
Santa Cruz de Tenerife,1.460 €/m2,"0,001","- 2,7 %","- 4,2 %",2.214 €/m2 abr 2025,"- 34,1 %",2021
Cantabria,1.465 €/m2,"- 0,7 %","- 0,2 %","0,012",2.010 €/m2 feb 2008,"- 27,1 %",2021
Cantabria,1.465 €/m2,"- 0,7 %","- 0,2 %","0,012",2.010 €/m2 feb 2008,"- 27,1 %",2021
Santander,1.909 €/m2,"- 1,0 %","- 0,1 %","0,028",2.727 €/m2 mayo 2025,"- 30,0 %",2021
Castilla y León,1.148 €/m2,"0,002","0,019","0,011",1.481 €/m2 jun 2011,"- 22,5 %",2021
Ávila provincia,845 €/m2,"- 0,2 %","- 0,9 %","- 0,2 %",1.266 €/m2 mar 2008,"- 33,3 %",2021
Ávila,1.074 €/m2,"0,0 %","- 1,6 %","- 2,3 %",1.744 €/m2 jul 2008,"- 38,4 %",2021
Burgos provincia,1.181 €/m2,"0,0 %","0,009","- 0,2 %",1.655 €/m2 sep 2011,"- 28,6 %",2021
Burgos,1.610 €/m2,"0,006","0,009","0,034",2.176 €/m2 nov 2008,"- 26,0 %",2021
León provincia,1.002 €/m2,"0,006","0,017","0,017",1.351 €/m2 jun 2011,"- 25,8 %",2021
León,1.330 €/m2,"0,007","0,007","- 0,8 %",1.898 €/m2 feb 2011,"- 29,9 %",2021
Palencia provincia,1.130 €/m2,"- 0,1 %","0,0 %","- 0,6 %",1.335 €/m2 feb 2012,"- 15,3 %",2021
Palencia,1.325 €/m2,"- 0,5 %","- 1,0 %","- 1,7 %",1.724 €/m2 ene 2009,"- 23,2 %",2021
Salamanca provincia,1.318 €/m2,"0,003","0,008","0,012",1.719 €/m2 mar 2011,"- 23,3 %",2021
Salamanca,1.676 €/m2,"- 0,1 %","- 0,5 %","0,009",2.480 €/m2 mar 2008,"- 32,4 %",2021
Segovia provincia,1.121 €/m2,"0,004","0,021","0,029",1.601 €/m2 sep 2007,"- 30,0 %",2021
Segovia,1.551 €/m2,"0,012","0,016","0,003",2.252 €/m2 mar 2009,"- 31,1 %",2021
Soria provincia,989 €/m2,"0,003","0,004","- 1,3 %",1.372 €/m2 nov 2010,"- 27,9 %",2021
Soria,1.306 €/m2,"0,013","0,024","0,008",1.913 €/m2 nov 2010,"- 31,7 %",2021
Valladolid provincia,1.309 €/m2,"- 0,2 %","0,089","0,025",1.776 €/m2 oct 2007,"- 26,3 %",2021
Valladolid,1.543 €/m2,"- 0,9 %","0,074","0,01",2.117 €/m2 oct 2007,"- 27,1 %",2021
Zamora provincia,964 €/m2,"- 1,0 %","0,0 %","- 1,7 %",1.368 €/m2 mar 2011,"- 29,5 %",2021
Zamora,1.145 €/m2,"- 1,3 %","- 1,6 %","- 2,3 %",1.607 €/m2 mar 2011,"- 28,8 %",2021
Castilla-La Mancha,879 €/m2,"0,002","0,012","0,013",1.424 €/m2 mayo 2007,"- 38,3 %",2021
Albacete provincia,1.047 €/m2,"0,0 %","- 1,2 %","- 2,1 %",1.570 €/m2 abr 2008,"- 33,3 %",2021
Albacete,1.349 €/m2,"0,001","0,002","0,012",1.852 €/m2 jun 2008,"- 27,2 %",2021
Ciudad Real provincia,770 €/m2,"0,012","0,015","- 0,2 %",1.391 €/m2 jun 2007,"- 44,7 %",2021
Ciudad Real,1.134 €/m2,"0,01","0,02","0,0 %",1.877 €/m2 abr 2008,"- 39,6 %",2021
Cuenca provincia,802 €/m2,"- 0,2 %","0,022","0,028",1.109 €/m2 ago 2008,"- 27,7 %",2021
Cuenca,1.178 €/m2,"0,0 %","0,021","0,031",1.674 €/m2 mar 2010,"- 29,6 %",2021
Guadalajara provincia,1.083 €/m2,"- 0,5 %","0,016","0,024",1.661 €/m2 jun 2007,"- 34,8 %",2021
Guadalajara,1.352 €/m2,"- 0,8 %","- 0,6 %","0,005",2.137 €/m2 mayo 2008,"- 36,7 %",2021
Toledo provincia,827 €/m2,"0,002","0,019","0,072",1.465 €/m2 nov 2006,"- 43,5 %",2021
Toledo,1.435 €/m2,"0,006","0,0 %","0,06",2.067 €/m2 mayo 2008,"- 30,6 %",2021
Cataluña,2.277 €/m2,"0,002","0,01","0,015",2.677 €/m2 jun 2007,"- 14,9 %",2021
Barcelona provincia,2.655 €/m2,"0,002","0,003","0,003",2.914 €/m2 mayo 2025,"- 8,9 %",2021
Barcelona,3.910 €/m2,"0,001","0,003","- 2,7 %",4.895 €/m2 mayo 2025,"- 20,1 %",2021
Girona provincia,2.095 €/m2,"- 0,1 %","- 0,4 %","0,025",2.522 €/m2 jun 2007,"- 16,9 %",2021
Girona,2.187 €/m2,"- 0,2 %","- 2,3 %","0,033",2.639 €/m2 ago 2024,"- 17,1 %",2021
Lleida provincia,1.253 €/m2,"- 0,3 %","- 0,5 %","0,045",2.076 €/m2 ago 2007,"- 39,6 %",2021
Lleida,1.037 €/m2,"0,003","- 1,5 %","0,01",1.742 €/m2 abr 2009,"- 40,5 %",2021
Tarragona provincia,1.376 €/m2,"- 0,1 %","- 0,6 %","0,037",2.120 €/m2 oct 2006,"- 35,1 %",2021
Tarragona,1.737 €/m2,"0,013","0,005","0,037",2.550 €/m2 oct 2008,"- 31,9 %",2021
Ceuta,2.084 €/m2,"0,062","0,058","- 7,2 %",2.393 €/m2 mar 2025,"- 12,9 %",2021
Ceuta provincia,2.084 €/m2,"0,062","0,058","- 7,2 %",2.393 €/m2 mar 2025,"- 12,9 %",2021
Comunitat Valenciana,1.479 €/m2,"- 0,1 %","- 0,3 %","0,047",2.207 €/m2 mayo 2025,"- 33,0 %",2021
Alicante/Alacant,1.681 €/m2,"0,003","0,004","0,046",2.521 €/m2 mayo 2025,"- 33,3 %",2021
Alicante / Alacant,1.467 €/m2,"0,003","- 0,8 %","- 1,5 %",2.371 €/m2 mayo 2025,"- 38,1 %",2021
Castellón/Castelló,1.111 €/m2,"0,0 %","0,005","0,019",1.953 €/m2 jul 2007,"- 43,1 %",2021
Castellón de la Plana / Castello de la Plana,1.176 €/m2,"- 0,1 %","0,003","0,07",1.831 €/m2 ene 2008,"- 35,8 %",2021
Valencia/Valéncia,1.215 €/m2,"- 0,9 %","- 1,7 %","- 0,8 %",1.943 €/m2 oct 2006,"- 37,5 %",2021
València,1.850 €/m2,"- 0,2 %","- 0,6 %","0,01",3.017 €/m2 mayo 2025,"- 38,7 %",2021
Euskadi,2.690 €/m2,"0,006","0,007","0,019",3.255 €/m2 abr 2011,"- 17,4 %",2021
Álava,2.184 €/m2,"0,007","0,022","0,068",2.490 €/m2 ene 2011,"- 12,3 %",2021
Vitoria-Gasteiz,2.430 €/m2,"0,008","0,009","0,066",2.975 €/m2 oct 2008,"- 18,3 %",2021
Guipúzcoa,3.199 €/m2,"0,008","- 0,6 %","0,016",3.862 €/m2 mayo 2025,"- 17,2 %",2021
Donostia-San Sebastián,4.938 €/m2,"0,005","- 1,3 %","0,029",6.025 €/m2 mayo 2025,"- 18,0 %",2021
Vizcaya,2.632 €/m2,"0,005","0,015","0,016",3.360 €/m2 abr 2011,"- 21,7 %",2021
Bilbao,3.031 €/m2,"0,007","0,016","0,005",3.591 €/m2 mayo 2011,"- 15,6 %",2021
Extremadura,941 €/m2,"- 0,1 %","- 0,3 %","0,021",1.217 €/m2 abr 2011,"- 22,7 %",2021
Badajoz provincia,953 €/m2,"0,004","- 0,9 %","0,037",1.278 €/m2 abr 2011,"- 25,4 %",2021
Badajoz,1.274 €/m2,"0,004","0,018","0,045",1.719 €/m2 abr 2008,"- 25,9 %",2021
Cáceres provincia,924 €/m2,"- 0,7 %","0,008","- 0,1 %",1.174 €/m2 mar 2008,"- 21,2 %",2021
Cáceres,1.168 €/m2,"- 0,8 %","- 0,5 %","0,023",1.600 €/m2 jul 2008,"- 27,0 %",2021
Galicia,1.328 €/m2,"0,003","0,006","0,001",1.775 €/m2 nov 2011,"- 25,2 %",2021
A Coruña provincia,1.270 €/m2,"0,003","0,001","- 2,6 %",1.832 €/m2 nov 2011,"- 30,7 %",2021
A Coruña,2.142 €/m2,"0,018","0,018","0,005",2.895 €/m2 ago 2008,"- 26,0 %",2021
Lugo provincia,974 €/m2,"- 0,2 %","- 0,8 %","- 3,8 %",1.616 €/m2 mayo 2011,"- 39,7 %",2021
Lugo,1.226 €/m2,"- 0,3 %","- 0,6 %","- 3,2 %",1.918 €/m2 jun 2011,"- 36,1 %",2021
Ourense provincia,1.151 €/m2,"0,001","0,012","- 1,1 %",1.531 €/m2 nov 2011,"- 24,8 %",2021
Ourense,1.430 €/m2,"- 0,4 %","- 1,1 %","- 1,2 %",1.914 €/m2 nov 2011,"- 25,3 %",2021
Pontevedra provincia,1.566 €/m2,"0,002","0,009","0,041",1.935 €/m2 jun 2007,"- 19,1 %",2021
Pontevedra,1.699 €/m2,"0,016","0,03","0,053",2.154 €/m2 mayo 2025,"- 21,1 %",2021
La Rioja,1.265 €/m2,"0,009","0,027","0,021",1.652 €/m2 ene 2008,"- 23,4 %",2021
La Rioja,1.265 €/m2,"0,009","0,027","0,021",1.652 €/m2 ene 2008,"- 23,4 %",2021
Logroño,1.572 €/m2,"0,001","0,01","- 0,2 %",1.993 €/m2 abr 2011,"- 21,1 %",2021
Madrid Comunidad,2.897 €/m2,"0,007","0,006","0,044",4.234 €/m2 mayo 2025,"- 31,6 %",2021
Madrid provincia,2.897 €/m2,"0,007","0,006","0,044",4.234 €/m2 mayo 2025,"- 31,6 %",2021
Madrid,3.652 €/m2,"0,01","0,0 %","0,015",5.573 €/m2 mayo 2025,"- 34,5 %",2021
Melilla,1.842 €/m2,"0,004","0,014","0,036",2.073 €/m2 mayo 2025,"- 11,1 %",2021
Melilla provincia,1.842 €/m2,"0,004","0,014","0,036",2.073 €/m2 mayo 2025,"- 11,1 %",2021
Melilla,1.842 €/m2,"0,004","0,014","0,036",2.073 €/m2 mayo 2025,"- 11,1 %",2021
Murcia Región,1.063 €/m2,"- 0,4 %","- 0,1 %","0,014",1.786 €/m2 sep 2006,"- 40,5 %",2021
Murcia provincia,1.063 €/m2,"- 0,4 %","- 0,1 %","0,014",1.786 €/m2 sep 2006,"- 40,5 %",2021
Murcia,1.075 €/m2,"- 0,1 %","0,013","0,002",1.757 €/m2 sep 2007,"- 38,8 %",2021
Navarra,1.484 €/m2,"0,01","0,034","0,023",1.870 €/m2 oct 2007,"- 20,7 %",2021
Navarra,1.484 €/m2,"0,01","0,034","0,023",1.870 €/m2 oct 2007,"- 20,7 %",2021
Pamplona/Iruña,2.364 €/m2,"0,011","0,034","0,055",2.827 €/m2 dic 2024,"- 16,4 %",2021
Andalucía,1.660 €/m2,"0,006","0,005","0,005",2.468 €/m2 mayo 2025,"- 32,7 %",2020
Almería provincia,1.083 €/m2,"0,006","0,012","- 1,0 %",1.868 €/m2 jul 2006,"- 42,0 %",2020
Almería,1.195 €/m2,"- 0,5 %","0,006","0,015",2.257 €/m2 sep 2008,"- 47,0 %",2020
Cádiz provincia,1.523 €/m2,"0,002","0,007","0,008",2.272 €/m2 abr 2007,"- 33,0 %",2020
Cádiz,2.312 €/m2,"- 0,8 %","- 1,4 %","0,003",3.035 €/m2 dic 2024,"- 23,8 %",2020
Córdoba provincia,1.175 €/m2,"- 0,3 %","- 2,0 %","- 5,4 %",1.801 €/m2 nov 2007,"- 34,7 %",2020
Córdoba,1.395 €/m2,"- 0,4 %","- 0,5 %","- 2,2 %",2.178 €/m2 dic 2007,"- 35,9 %",2020
Granada provincia,1.201 €/m2,"0,004","0,016","- 0,7 %",1.782 €/m2 mayo 2007,"- 32,6 %",2020
Granada,1.722 €/m2,"0,003","0,004","- 0,4 %",2.422 €/m2 mayo 2025,"- 28,9 %",2020
Huelva provincia,1.255 €/m2,"0,0 %","0,008","0,016",1.919 €/m2 sep 2007,"- 34,6 %",2020
Huelva,1.107 €/m2,"- 1,0 %","- 0,5 %","0,003",1.678 €/m2 mayo 2008,"- 34,0 %",2020
Jaén provincia,850 €/m2,"0,001","0,002","- 0,8 %",1.320 €/m2 sep 2007,"- 35,6 %",2020
Jaén,1.158 €/m2,"0,002","0,007","0,016",1.672 €/m2 oct 2008,"- 30,8 %",2020
Málaga provincia,2.268 €/m2,"0,004","0,013","0,035",3.718 €/m2 mayo 2025,"- 39,0 %",2020
Málaga,2.103 €/m2,"- 0,2 %","- 0,4 %","0,034",3.427 €/m2 mayo 2025,"- 38,6 %",2020
Sevilla provincia,1.406 €/m2,"0,003","0,005","- 0,3 %",1.970 €/m2 mar 2008,"- 28,6 %",2020
Sevilla,1.995 €/m2,"0,007","- 1,9 %","- 1,2 %",2.646 €/m2 sep 2007,"- 24,6 %",2020
Aragón,1.318 €/m2,"- 0,5 %","0,01","- 0,2 %",2.008 €/m2 mar 2007,"- 34,4 %",2020
Huesca provincia,1.396 €/m2,"- 1,4 %","- 0,1 %","- 0,3 %",2.246 €/m2 ago 2007,"- 37,9 %",2020
Huesca,1.389 €/m2,"- 0,1 %","0,098","0,058",1.738 €/m2 mar 2011,"- 20,0 %",2020
Teruel provincia,901 €/m2,"- 0,9 %","0,005","0,006",1.118 €/m2 jun 2008,"- 19,4 %",2020
Teruel,1.139 €/m2,"- 0,9 %","- 1,6 %","- 0,9 %",1.660 €/m2 nov 2010,"- 31,4 %",2020
Zaragoza provincia,1.336 €/m2,"0,0 %","0,017","- 0,2 %",2.135 €/m2 mayo 2007,"- 37,4 %",2020
Zaragoza,1.601 €/m2,"- 0,2 %","0,002","- 0,7 %",2.787 €/m2 dic 2007,"- 42,6 %",2020
Asturias,1.346 €/m2,"- 0,1 %","- 0,4 %","0,007",1.867 €/m2 abr 2008,"- 27,9 %",2020
Asturias,1.346 €/m2,"- 0,1 %","- 0,4 %","0,007",1.867 €/m2 abr 2008,"- 27,9 %",2020
Oviedo,1.537 €/m2,"- 0,4 %","- 0,7 %","0,02",2.179 €/m2 ene 2009,"- 29,5 %",2020
Baleares,3.091 €/m2,"- 0,4 %","0,011","0,016",4.905 €/m2 mayo 2025,"- 37,0 %",2020
Baleares,3.091 €/m2,"- 0,4 %","0,011","0,016",4.905 €/m2 mayo 2025,"- 37,0 %",2020
Palma de Mallorca,2.934 €/m2,"- 0,4 %","- 0,4 %","- 1,1 %",4.772 €/m2 mayo 2025,"- 38,5 %",2020
Canarias,1.867 €/m2,"0,005","0,017","0,01",3.039 €/m2 mayo 2025,"- 38,6 %",2020
Las Palmas,1.940 €/m2,"0,002","0,013","0,016",2.778 €/m2 mayo 2025,"- 30,2 %",2020
Las Palmas de Gran Canaria,2.067 €/m2,"0,006","0,033","0,03",2.507 €/m2 mayo 2025,"- 17,5 %",2020
Santa Cruz de Tenerife provincia,1.806 €/m2,"0,008","0,021","0,005",3.224 €/m2 mayo 2025,"- 44,0 %",2020
Santa Cruz de Tenerife,1.524 €/m2,"- 0,8 %","- 1,9 %","0,041",2.214 €/m2 abr 2025,"- 31,2 %",2020
Cantabria,1.448 €/m2,"- 0,4 %","0,004","0,001",2.010 €/m2 feb 2008,"- 27,9 %",2020
Cantabria,1.448 €/m2,"- 0,4 %","0,004","0,001",2.010 €/m2 feb 2008,"- 27,9 %",2020
Santander,1.856 €/m2,"- 1,2 %","- 0,6 %","0,03",2.727 €/m2 mayo 2025,"- 31,9 %",2020
Castilla y León,1.135 €/m2,"0,003","0,01","- 1,2 %",1.481 €/m2 jun 2011,"- 23,4 %",2020
Ávila provincia,846 €/m2,"- 0,6 %","- 0,8 %","- 0,8 %",1.266 €/m2 mar 2008,"- 33,2 %",2020
Ávila,1.099 €/m2,"- 0,8 %","- 2,2 %","0,047",1.744 €/m2 jul 2008,"- 37,0 %",2020
Burgos provincia,1.183 €/m2,"0,007","0,013","- 0,1 %",1.655 €/m2 sep 2011,"- 28,5 %",2020
Burgos,1.557 €/m2,"- 0,1 %","- 1,1 %","- 1,4 %",2.176 €/m2 nov 2008,"- 28,4 %",2020
León provincia,985 €/m2,"- 0,5 %","- 0,6 %","- 1,4 %",1.351 €/m2 jun 2011,"- 27,1 %",2020
León,1.341 €/m2,"- 0,8 %","- 1,3 %","0,001",1.898 €/m2 feb 2011,"- 29,4 %",2020
Palencia provincia,1.137 €/m2,"0,006","0,008","- 3,8 %",1.335 €/m2 feb 2012,"- 14,8 %",2020
Palencia,1.348 €/m2,"0,0 %","- 0,5 %","- 4,5 %",1.724 €/m2 ene 2009,"- 21,8 %",2020
Salamanca provincia,1.302 €/m2,"0,005","0,01","- 2,9 %",1.719 €/m2 mar 2011,"- 24,2 %",2020
Salamanca,1.660 €/m2,"0,002","0,0 %","0,004",2.480 €/m2 mar 2008,"- 33,1 %",2020
Segovia provincia,1.089 €/m2,"- 0,1 %","- 0,1 %","0,004",1.601 €/m2 sep 2007,"- 32,0 %",2020
Segovia,1.546 €/m2,"0,006","0,027","0,045",2.252 €/m2 mar 2009,"- 31,3 %",2020
Soria provincia,1.002 €/m2,"- 0,1 %","0,005","0,035",1.372 €/m2 nov 2010,"- 27,0 %",2020
Soria,1.295 €/m2,"- 0,4 %","0,004","0,053",1.913 €/m2 nov 2010,"- 32,3 %",2020
Valladolid provincia,1.277 €/m2,"0,007","0,023","0,022",1.776 €/m2 oct 2007,"- 28,1 %",2020
Valladolid,1.527 €/m2,"- 0,1 %","0,006","0,022",2.117 €/m2 oct 2007,"- 27,8 %",2020
Zamora provincia,980 €/m2,"- 0,3 %","0,01","- 1,3 %",1.368 €/m2 mar 2011,"- 28,3 %",2020
Zamora,1.172 €/m2,"- 1,3 %","- 1,5 %","- 1,8 %",1.607 €/m2 mar 2011,"- 27,1 %",2020
Castilla-La Mancha,868 €/m2,"0,008","0,014","- 0,8 %",1.424 €/m2 mayo 2007,"- 39,1 %",2020
Albacete provincia,1.069 €/m2,"0,007","- 0,2 %","- 1,6 %",1.570 €/m2 abr 2008,"- 31,9 %",2020
Albacete,1.333 €/m2,"0,005","0,0 %","- 0,1 %",1.852 €/m2 jun 2008,"- 28,0 %",2020
Ciudad Real provincia,771 €/m2,"0,001","- 1,1 %","- 4,5 %",1.391 €/m2 jun 2007,"- 44,6 %",2020
Ciudad Real,1.133 €/m2,"- 0,2 %","- 0,7 %","- 3,1 %",1.877 €/m2 abr 2008,"- 39,6 %",2020
Cuenca provincia,780 €/m2,"0,028","0,039","0,009",1.109 €/m2 ago 2008,"- 29,7 %",2020
Cuenca,1.142 €/m2,"0,008","- 0,3 %","0,041",1.674 €/m2 mar 2010,"- 31,8 %",2020
Guadalajara provincia,1.058 €/m2,"0,017","0,026","0,014",1.661 €/m2 jun 2007,"- 36,3 %",2020
Guadalajara,1.345 €/m2,"- 0,3 %","- 0,9 %","- 2,5 %",2.137 €/m2 mayo 2008,"- 37,1 %",2020
Toledo provincia,772 €/m2,"- 0,5 %","0,004","- 1,1 %",1.465 €/m2 nov 2006,"- 47,3 %",2020
Toledo,1.355 €/m2,"- 0,4 %","- 1,9 %","- 2,1 %",2.067 €/m2 mayo 2008,"- 34,5 %",2020
Cataluña,2.244 €/m2,"0,007","0,026","0,015",2.677 €/m2 jun 2007,"- 16,2 %",2020
Barcelona provincia,2.647 €/m2,"0,003","0,009","0,015",2.914 €/m2 mayo 2025,"- 9,2 %",2020
Barcelona,4.018 €/m2,"- 0,7 %","- 1,4 %","- 2,8 %",4.895 €/m2 mayo 2025,"- 17,9 %",2020
Girona provincia,2.045 €/m2,"- 0,1 %","- 0,1 %","0,015",2.522 €/m2 jun 2007,"- 18,9 %",2020
Girona,2.117 €/m2,"- 1,5 %","- 4,9 %","- 4,2 %",2.639 €/m2 ago 2024,"- 19,8 %",2020
Lleida provincia,1.199 €/m2,"- 0,7 %","0,006","0,008",2.076 €/m2 ago 2007,"- 42,3 %",2020
Lleida,1.026 €/m2,"- 2,0 %","- 0,4 %","- 2,6 %",1.742 €/m2 abr 2009,"- 41,1 %",2020
Tarragona provincia,1.327 €/m2,"0,004","0,005","- 2,4 %",2.120 €/m2 oct 2006,"- 37,4 %",2020
Tarragona,1.675 €/m2,"- 2,0 %","- 2,9 %","- 3,6 %",2.550 €/m2 oct 2008,"- 34,3 %",2020
Ceuta,2.246 €/m2,"0,004","0,011","0,078",2.393 €/m2 mar 2025,"- 6,1 %",2020
Ceuta provincia,2.246 €/m2,"0,004","0,011","0,078",2.393 €/m2 mar 2025,"- 6,1 %",2020
Comunitat Valenciana,1.413 €/m2,"0,006","0,012","0,02",2.207 €/m2 mayo 2025,"- 36,0 %",2020
Alicante/Alacant,1.607 €/m2,"0,004","0,003","0,029",2.521 €/m2 mayo 2025,"- 36,2 %",2020
Alicante / Alacant,1.490 €/m2,"- 0,3 %","- 1,4 %","- 1,2 %",2.371 €/m2 mayo 2025,"- 37,1 %",2020
Castellón/Castelló,1.090 €/m2,"0,005","0,01","- 2,1 %",1.953 €/m2 jul 2007,"- 44,2 %",2020
Castellón de la Plana / Castello de la Plana,1.099 €/m2,"0,012","0,012","- 2,2 %",1.831 €/m2 ene 2008,"- 40,0 %",2020
Valencia/Valéncia,1.224 €/m2,"0,003","0,016","0,0 %",1.943 €/m2 oct 2006,"- 37,0 %",2020
València,1.831 €/m2,"0,0 %","0,0 %","0,01",3.017 €/m2 mayo 2025,"- 39,3 %",2020
Euskadi,2.641 €/m2,"0,002","0,006","0,032",3.255 €/m2 abr 2011,"- 18,9 %",2020
Álava,2.045 €/m2,"0,0 %","0,006","0,024",2.490 €/m2 ene 2011,"- 17,9 %",2020
Vitoria-Gasteiz,2.279 €/m2,"0,001","- 0,9 %","0,016",2.975 €/m2 oct 2008,"- 23,4 %",2020
Guipúzcoa,3.149 €/m2,"0,007","0,008","0,066",3.862 €/m2 mayo 2025,"- 18,5 %",2020
Donostia-San Sebastián,4.799 €/m2,"- 0,1 %","- 1,4 %","0,059",6.025 €/m2 mayo 2025,"- 20,4 %",2020
Vizcaya,2.589 €/m2,"0,001","0,008","0,016",3.360 €/m2 abr 2011,"- 22,9 %",2020
Bilbao,3.015 €/m2,"- 0,1 %","0,0 %","0,04",3.591 €/m2 mayo 2011,"- 16,0 %",2020
Extremadura,921 €/m2,"0,005","0,027","0,034",1.217 €/m2 abr 2011,"- 24,3 %",2020
Badajoz provincia,919 €/m2,"0,004","0,021","0,022",1.278 €/m2 abr 2011,"- 28,1 %",2020
Badajoz,1.219 €/m2,"0,006","0,022","0,034",1.719 €/m2 abr 2008,"- 29,1 %",2020
Cáceres provincia,925 €/m2,"0,006","0,037","0,051",1.174 €/m2 mar 2008,"- 21,2 %",2020
Cáceres,1.142 €/m2,"- 0,2 %","- 0,5 %","0,02",1.600 €/m2 jul 2008,"- 28,6 %",2020
Galicia,1.327 €/m2,"0,002","0,008","- 0,3 %",1.775 €/m2 nov 2011,"- 25,3 %",2020
A Coruña provincia,1.304 €/m2,"- 0,2 %","0,003","- 1,0 %",1.832 €/m2 nov 2011,"- 28,9 %",2020
A Coruña,2.130 €/m2,"0,001","- 0,3 %","0,062",2.895 €/m2 ago 2008,"- 26,4 %",2020
Lugo provincia,1.012 €/m2,"0,005","0,004","- 1,6 %",1.616 €/m2 mayo 2011,"- 37,4 %",2020
Lugo,1.266 €/m2,"0,009","- 1,7 %","0,01",1.918 €/m2 jun 2011,"- 34,0 %",2020
Ourense provincia,1.164 €/m2,"0,008","0,033","0,025",1.531 €/m2 nov 2011,"- 24,0 %",2020
Ourense,1.447 €/m2,"0,007","0,028","0,047",1.914 €/m2 nov 2011,"- 24,4 %",2020
Pontevedra provincia,1.504 €/m2,"0,004","0,012","0,008",1.935 €/m2 jun 2007,"- 22,3 %",2020
Pontevedra,1.614 €/m2,"- 0,6 %","0,004","0,039",2.154 €/m2 mayo 2025,"- 25,0 %",2020
La Rioja,1.240 €/m2,"0,009","0,012","0,034",1.652 €/m2 ene 2008,"- 25,0 %",2020
La Rioja,1.240 €/m2,"0,009","0,012","0,034",1.652 €/m2 ene 2008,"- 25,0 %",2020
Logroño,1.575 €/m2,"0,003","- 0,4 %","0,01",1.993 €/m2 abr 2011,"- 21,0 %",2020
Madrid Comunidad,2.774 €/m2,"0,006","0,022","0,019",4.234 €/m2 mayo 2025,"- 34,5 %",2020
Madrid provincia,2.774 €/m2,"0,006","0,022","0,019",4.234 €/m2 mayo 2025,"- 34,5 %",2020
Madrid,3.597 €/m2,"0,0 %","- 0,3 %","- 1,2 %",5.573 €/m2 mayo 2025,"- 35,5 %",2020
Melilla,1.777 €/m2,"0,0 %","0,005","0,007",2.073 €/m2 mayo 2025,"- 14,2 %",2020
Melilla provincia,1.777 €/m2,"0,0 %","0,005","0,007",2.073 €/m2 mayo 2025,"- 14,2 %",2020
Melilla,1.777 €/m2,"0,0 %","0,005","0,007",2.073 €/m2 mayo 2025,"- 14,2 %",2020
Murcia Región,1.048 €/m2,"0,001","0,004","- 0,9 %",1.786 €/m2 sep 2006,"- 41,3 %",2020
Murcia provincia,1.048 €/m2,"0,001","0,004","- 0,9 %",1.786 €/m2 sep 2006,"- 41,3 %",2020
Murcia,1.073 €/m2,"- 0,8 %","- 0,4 %","- 2,1 %",1.757 €/m2 sep 2007,"- 38,9 %",2020
Navarra,1.451 €/m2,"0,0 %","0,014","0,017",1.870 €/m2 oct 2007,"- 22,4 %",2020
Navarra,1.451 €/m2,"0,0 %","0,014","0,017",1.870 €/m2 oct 2007,"- 22,4 %",2020
Pamplona/Iruña,2.241 €/m2,"- 0,4 %","0,01","0,015",2.827 €/m2 dic 2024,"- 20,7 %",2020